Golden_Id,First_Name,Last_Name,Email,City,Street,Country,Currency_Code,DUNS,Address,Phone,Company,Customer_Classification,LBU,Market_Segment
1,Kenna,Dagwell,kdagwell0@tinyurl.com,Pigcawayan,Sunnyside,Philippines,PHP,35-751-8883,Tennyson,809-720-8464,Ntags,Honda,Granite,Waterproofer
2,Hailey,Adamowicz,hadamowicz1@bloglines.co.tc,Stráž nad Nisou,Center,Czech Republic,CZK,48-582-2414,Jay,129-380-2548,Thoughtworks,Hyundai,Plastic,Painter
3,Cchaddie,Rayment,crayment2@hp.co.tc,Yelizavetino,Shoshone,Russia,RUB,95-702-9369,Magdeline,859-712-0649,Vimbo,Chrysler,Vinyl,Plasterers
4,Skip,MacAulay,smacaulay3@youku.co.tc,Xiashitai,Vera,CHN,CNY,51-012-0317,Hanover,936-252-5363,Chatterpoint,Ford,Stone,Terrazzo
5,Jarad,Jardin,jjardin4@elegantthemes.co.tc,Yangzi,Kedzie,CHN,CNY,47-106-7225,Linden,398-846-3017,Mynte,Saab,Plexiglass,Tile Setter
6,Garrik,Pearne,gpearne5@ox.ac.uk,Vale da Bajouca,Harper,Portugal,EUR,50-738-2707,Northland,778-356-6665,Izio,Volkswagen,Brass,Stucco Mason
7,Nickey,Boot,nboot6@ning.co.tc,Saint-Paul,Riverside,Reunion,EUR,54-132-6478,Ramsey,122-809-6017,Zoovu,Ford,Granite,Tile Setter
8,Don,Bendig,dbendig7@phpbb.co.tc,Ōnojō,Farwell,Japan,JPY,88-127-4251,Hanover,803-934-3413,Oyoba,Kia,Brass,Tile Setter
9,Liza,Petroff,lpetroff8@auda.org.au,Ayrihuanca,Laurel,Peru,PEN,63-252-0877,Hovde,715-520-4355,Blogtag,Mitsubishi,Stone,Waterproofer
10,Lorain,Osinin,losinin9@eepurl.co.tc,Yuquan,Vera,CHN,CNY,64-424-2836,Birchwood,588-102-5027,Jabbersphere,Ford,Plastic,Equipment Operator
11,Hailey,DelaField,hdelafielda@tuttocitta.it,Eg-Uur,Pepper Wood,Mongolia,MNT,67-851-4687,Schlimgen,506-771-7740,Trudeo,Mercedes-Benz,Plexiglass,Safety Officer
12,Kacy,Cordero,kcorderob@admin.ch,Zhugentan,Sage,CHN,CNY,58-653-5273,Sundown,843-313-0268,Skyble,GMC,Plastic,Painter
13,Basia,Drewery,bdreweryc@yahoo.co.jp,Saqqez,Dennis,Iran,IRR,27-115-0299,Linden,979-145-8426,Layo,Hyundai,Brass,Concrete Finisher
14,Herc,Oats,hoatsd@example.co.tc,Donim,Old Shore,Portugal,EUR,32-180-6860,Del Mar,166-822-7968,InnoZ,Land Rover,Plastic,Boilermaker
15,Sella,Wignall,swignalle@amazon.co.tc,Krzanowice,Schlimgen,Poland,PLN,71-535-0107,Dawn,312-766-7891,Dabshots,Bentley,Granite,Pipelayer
16,Tanhya,McDermot,tmcdermotf@indiatimes.co.tc,Rio de Janeiro,Crescent Oaks,Brazil,BRL,57-510-8211,Fulton,360-929-3102,Gabspot,Suzuki,Brass,Plumber
17,Brade,Kelledy,bkelledyg@aol.co.tc,Shuiyin,Havey,CHN,CNY,62-329-8517,Eagle Crest,406-852-1832,Shufflester,Buick,Wood,Brickmason
18,Lorrie,Walkley,lwalkleyh@opensource.org,Solna,Bowman,Sweden,SEK,03-121-3366,Badeau,796-186-6819,Pixoboo,Dodge,Aluminum,Laborer
19,Alyson,Cunde,acundei@so-net.ne.jp,Guang’an,Meadow Ridge,CHN,CNY,21-960-7838,Maple Wood,318-358-9574,Mynte,GMC,Stone,Laborer
20,Rufe,Parrott,rparrottj@miibeian.gov.cn,Sofrino,Express,Russia,RUB,04-250-3764,Orin,469-430-3069,Katz,Pontiac,Plexiglass,Sheet Metal Worker
21,Nady,Browncey,nbrownceyk@hao123.co.tc,Heimahe,Leroy,CHN,CNY,18-705-8781,Northland,928-607-9833,Livepath,BMW,Plastic,Laborer
22,Vernon,Payler,vpaylerl@ask.co.tc,Vilufushi,Dryden,Maldives,MVR,03-031-9551,Emmet,846-863-9519,Jaxspan,Honda,Rubber,Boilermaker
23,Kristian,Gotcher,kgotcherm@epa.gov,Yuquan,Graedel,CHN,CNY,11-464-7800,Atwood,615-735-0412,Skibox,Ford,Granite,Boilermaker
24,Urbano,McArt,umcartn@example.co.tc,Oslomej,Oak,Macedonia,MKD,64-131-7619,Michigan,471-570-2733,Jayo,Honda,Glass,Refridgeration
25,Sanderson,McKenzie,smckenzieo@is.gd,Yanglin,Tennessee,CHN,CNY,38-147-9384,Comanche,546-857-3103,Yadel,Mazda,Steel,Brickmason
26,Brewster,Roget,brogetp@xing.co.tc,Ladozhskaya,Sycamore,Russia,RUB,86-659-5806,Meadow Valley,602-955-4940,Zoonoodle,Mitsubishi,Aluminum,Plumber
27,Patrick,Baile,pbaileq@amazon.co.uk,Tønsberg,Waywood,Norway,NOK,47-220-9723,Marquette,464-386-9687,Feednation,Merkur,Plastic,Refridgeration
28,Ame,Bruckent,abruckentr@creativecommons.org,Saint-Brieuc,Mccormick,France,EUR,66-567-7679,Tennessee,384-319-9131,Photospace,Acura,Brass,Ironworker
29,Harlie,Lawler,hlawlers@economist.co.tc,Bayt Līd,Gerald,Palestinian Territory,ILS,75-530-1221,Meadow Ridge,613-888-4393,Jamia,Chevrolet,Rubber,Brickmason
30,Ara,Janc,ajanct@cdc.gov,Ikongo,Norway Maple,Madagascar,MGA,17-336-0505,South,323-914-4006,Blognation,Lincoln,Glass,Painter
31,Gena,Scamp,gscampu@dyndns.org,Huangyuan Chengguanzhen,Cambridge,CHN,CNY,26-351-6663,Fulton,927-370-3685,Mymm,Volvo,Rubber,Pipefitter
32,Cooper,Sidle,csidlev@army.mil,El Paraíso,Corry,Honduras,HNL,78-714-7182,Anniversary,969-628-1285,Feedspan,Volvo,Aluminum,Terrazzo
33,Filbert,Castellanos,fcastellanosw@altervista.org,Dayuanhuizu,Duke,CHN,CNY,91-988-7816,Bayside,937-115-8597,Blogtags,Mazda,Wood,Boilermaker
34,Cullin,Maestrini,cmaestrinix@bluehost.co.tc,Xinghe Chengguanzhen,Westerfield,CHN,CNY,99-297-3060,Schlimgen,623-239-9019,Twitterbeat,Mazda,Stone,Ironworker
35,Tucky,Kerins,tkerinsy@infoseek.co.jp,Kristinehamn,Red Cloud,Sweden,SEK,36-245-4628,Rutledge,499-626-6211,Youspan,Audi,Brass,Glazier
36,Wilt,Bennetto,wbennettoz@naver.co.tc,Huxiaoqiao,Dakota,CHNA,CNY,08-766-7370,Esch,592-760-6311,Tazz,Nissan,Plexiglass,Ironworker
37,Bentley,Fields,bfields10@cornell.edu,Písečná,Prentice,Czech Republic,CZK,75-388-6270,Towne,145-628-8150,Tazzy,Mercedes-Benz,Stone,Equipment Operator
38,Ryun,Lanfere,rlanfere11@google.es,Xiaozhoushan,Forest,CHNA,CNY,57-698-3285,Gateway,780-356-8102,Blogtag,Infiniti,Plexiglass,Stucco Mason
39,Sherry,Canedo,scanedo12@gnu.org,Wołczyn,Monica,Poland,PLN,76-433-0315,Hoard,916-720-5045,Avaveo,Ford,Vinyl,Pipelayer
40,Phoebe,Benazet,pbenazet13@sitemeter.co.tc,Tsaghkunk’,Wayridge,Armenia,AMD,96-736-1182,Grasskamp,855-499-3620,Yambee,Porsche,Aluminum,Concrete Finisher
41,Dara,Skeeles,dskeeles14@fda.gov,Abbotsford,4th,Canada,CAD,63-089-5952,Loomis,654-253-6793,LiveZ,Hyundai,Aluminum,Millwright
42,Ralf,Kliesl,rkliesl15@cornell.edu,Pong,Sycamore,Thailand,THB,56-922-6840,1st,850-229-7047,Flashpoint,Scion,Steel,Plasterers
43,Glennis,Momery,gmomery16@deliciousdays.co.tc,Kajanan,Prairie Rose,Indonesia,IDR,09-083-9246,Delaware,414-297-6668,Devify,Ford,Stone,Equipment Operator
44,Felicity,Bason,fbason17@bloglines.co.tc,Guiuan,Arrowood,Philippines,PHP,27-372-9683,Arkansas,575-406-5086,Ntags,Infiniti,Vinyl,Equipment Operator
45,Lacey,Glison,lglison18@dagondesign.co.tc,Jalapa,Sutherland,Nicaragua,NIO,29-427-3955,Crescent Oaks,187-695-7098,Gabtune,Chevrolet,Rubber,Brickmason
46,Hastings,Tillard,htillard19@netvibes.co.tc,Del Rosario,Golf View,Philippines,PHP,24-431-8013,Clove,993-627-4330,Yoveo,Jeep,Plexiglass,Concrete Finisher
47,Ag,Matejovsky,amatejovsky1a@biglobe.ne.jp,Alingsås,7th,Sweden,SEK,95-069-4960,Messerschmidt,834-857-3278,Layo,Volkswagen,Steel,Waterproofer
48,Harmonia,de Almeida,hdealmeida1b@fastcompany.co.tc,Zhangjiafan,Rieder,CHNA,CNY,36-639-6283,Pankratz,700-758-5180,Brainsphere,Honda,Brass,Electrician
49,Sylvester,Blasio,sblasio1c@ocn.ne.jp,Rýmařov,Anhalt,Czech Republic,CZK,29-021-1322,Moose,178-255-7356,Quinu,Infiniti,Stone,Sheet Metal Worker
50,Valina,Sibary,vsibary1d@netlog.co.tc,Chongxian,Corben,CHNA,CNY,39-985-8008,Lindbergh,955-968-1980,Fadeo,BMW,Wood,Plumber
51,Averell,Bettis,abettis1e@biblegateway.co.tc,Colonias Unidas,Sutteridge,Argentina,ARS,83-112-3491,Hintze,290-273-9088,Oodoo,Dodge,Steel,Terrazzo
52,Allianora,Flack,aflack1f@zdnet.co.tc,Sundsvall,Sundown,Sweden,SEK,23-182-8432,Cascade,940-436-9198,Zoonder,GMC,Steel,Refridgeration
53,Adelheid,Fishenden,afishenden1g@nasa.gov,Nishishinminato,Maywood,Japan,JPY,65-722-8153,Oriole,629-124-1751,Ainyx,Nissan,Granite,Pipefitter
54,Lucita,Spear,lspear1h@cloudflare.co.tc,Noginsk,Kinsman,Russia,RUB,53-093-8949,Mitchell,580-898-0021,Flashspan,Pontiac,Brass,Carpenter
55,Ruthann,Mellody,rmellody1i@twitpic.co.tc,Quế Sơn,Haas,Vietnam,VND,24-620-4406,Russell,629-947-8581,DabZ,Chrysler,Steel,Glazier
56,Nata,Doppler,ndoppler1j@odnoklassniki.ru,Ţahţā,Straubel,Egypt,EGP,76-474-2192,Kinsman,479-323-2507,Yabox,Mercedes-Benz,Plexiglass,Safety Officer
57,Tulley,Slator,tslator1k@hud.gov,Seso,Oxford,Indonesia,IDR,19-288-7617,Alpine,331-842-6699,Dabfeed,Toyota,Granite,Plumber
58,Mar,Denzilow,mdenzilow1l@nationalgeographic.co.tc,Hejiang,Oakridge,China,CNY,87-625-0708,Harbort,275-440-4787,Leexo,Pontiac,Steel,HVAC
59,Kory,Brattell,kbrattell1m@spotify.co.tc,Néa Ionía,8th,Greece,EUR,52-052-0575,Crowley,216-931-1613,Oyope,Bentley,Steel,Boilermaker
60,Jonas,Tutchener,jtutchener1n@goodreads.co.tc,Krajan Timur Mlokorejo,Debra,Indonesia,IDR,76-252-5210,Homewood,692-742-5094,Vipe,Volkswagen,Vinyl,Pipelayer
61,Savina,Fundell,sfundell1o@miibeian.gov.cn,Dajing,Anderson,China,CNY,68-319-4363,Fuller,583-482-3199,Ntags,Isuzu,Plastic,Cement Mason
62,Magdalen,Hixley,mhixley1p@taobao.co.tc,Tulsīpur,Doe Crossing,Nepal,NPR,19-305-7930,Glendale,201-770-6035,Cogidoo,Dodge,Rubber,Equipment Operator
63,Mathilde,Harriagn,mharriagn1q@123-reg.co.uk,Maralal,Loeprich,Kenya,KES,12-804-8433,Mandrake,391-871-4486,Wordware,Subaru,Rubber,Terrazzo
64,Simona,Ciraldo,sciraldo1r@wp.co.tc,Comalapa,Hudson,Guatemala,GTQ,05-463-0234,Prairie Rose,409-274-0693,Skaboo,Mercury,Aluminum,Carpenter
65,Chandal,Russel,crussel1s@hp.co.tc,Torino,Moose,Italy,EUR,38-867-7935,Anthes,886-138-6389,Kayveo,Oldsmobile,Brass,Sheet Metal Worker
66,Gilligan,Lamb-shine,glambshine1t@irs.gov,Ma‘bar,Elka,Yemen,YER,98-707-1549,Bellgrove,820-247-2314,Vinder,Dodge,Vinyl,Electrician
67,Brana,Boreham,bboreham1u@canalblog.co.tc,Abaza,Mccormick,Russia,RUB,31-090-0003,Reindahl,471-862-2382,Flashpoint,Honda,Steel,Glazier
68,Dallis,Joder,djoder1v@facebook.co.tc,Elbasan,Summerview,Albania,ALL,66-927-2444,Bayside,874-236-3033,Yotz,Dodge,Brass,Refridgeration
69,Carmelle,Fancutt,cfancutt1w@dell.co.tc,Fuling,Eagle Crest,China,CNY,68-785-9082,Bashford,216-751-1372,Livetube,Acura,Granite,Waterproofer
70,Che,Brounfield,cbrounfield1x@squidoo.co.tc,Bhalwāl,Comanche,Pakistan,PKR,62-181-6476,Sugar,198-743-8909,Oyoyo,Dodge,Rubber,Pipefitter
71,Jandy,Janic,jjanic1y@altervista.org,Carquefou,Hauk,France,EUR,66-445-6657,Shasta,793-112-7062,Kwinu,Ford,Steel,Plasterers
72,Tiebout,Mixon,tmixon1z@elpais.co.tc,Taoyuan,Debra,China,CNY,96-784-6335,Burning Wood,259-146-9176,Riffpedia,Toyota,Vinyl,Sheet Metal Worker
73,Roosevelt,Till,rtill20@smugmug.co.tc,Mendeleyevskiy,Moulton,Russia,RUB,64-220-2746,Burning Wood,169-180-7484,Jayo,Infiniti,Plexiglass,Electrician
74,Neddie,Coslitt,ncoslitt21@un.org,Changzheng,Talmadge,China,CNY,89-400-2102,Chive,714-188-0964,Thoughtmix,Toyota,Glass,HVAC
75,Minerva,cornhill,mcornhill22@yahoo.co.jp,Castelli,Maple Wood,Argentina,ARS,52-414-6911,Dryden,751-876-7639,Tagfeed,Bentley,Glass,Equipment Operator
76,Morris,Bortolini,mbortolini23@youtu.be,Hongch’ŏn,Red Cloud,South Korea,KRW,73-384-0102,Northfield,258-942-2689,Dabjam,Hyundai,Plastic,Boilermaker
77,Normand,Cheson,ncheson24@soup.io,Pitogo,Gale,Philippines,PHP,44-391-1761,Karstens,559-494-9481,Mycat,Buick,Stone,Millwright
78,Lynett,Cartner,lcartner25@clickbank.net,Azteca,Tennyson,Mexico,MXN,09-101-4079,Summit,585-285-9054,Oyoloo,Nissan,Steel,Pipelayer
79,Cazzie,Woolford,cwoolford26@usa.gov,Gaoyang,Cherokee,China,CNY,17-768-3066,Manitowish,845-643-3628,Tavu,Chrysler,Brass,Pipefitter
80,Johannes,Bumphrey,jbumphrey27@booking.co.tc,San Juan del Cesar,Melby,Colombia,COP,86-217-8903,Michigan,642-425-0776,Abata,Mercedes-Benz,Steel,Glazier
81,Rianon,Hadkins,rhadkins28@sciencedirect.co.tc,Rouen,Hermina,France,EUR,32-034-4299,East,722-531-0213,Twitterbridge,Pontiac,Rubber,Carpenter
82,Delaney,Jenicek,djenicek29@wikia.co.tc,Bayeman,Claremont,Indonesia,IDR,28-026-2651,Birchwood,984-513-1966,Skinix,GMC,Vinyl,Electrician
83,Nichole,Kilrow,nkilrow2a@ovh.net,Agua Blanca,Russell,Guatemala,GTQ,61-686-0987,Daystar,160-919-1796,Linkbuzz,Lexus,Aluminum,Refridgeration
84,Fabe,Large,flarge2b@gravatar.co.tc,Atengmelang,Namekagon,Indonesia,IDR,36-163-4361,Reindahl,769-463-9755,Wordware,Toyota,Rubber,Brickmason
85,Melita,Dunseath,mdunseath2c@accuweather.co.tc,Huancaray,Prairieview,Peru,PEN,23-267-3565,Nancy,460-776-8600,Feedspan,Acura,Plastic,Refridgeration
86,Mariel,Dulton,mdulton2d@freewebs.co.tc,Longnawang,Superior,Indonesia,IDR,39-817-1407,Bellgrove,774-885-4550,Voolia,Toyota,Rubber,Glazier
87,Tobias,Abbes,tabbes2e@samsung.com,Hetian,Ronald Regan,China,CNY,18-737-7679,Karstens,409-853-7925,Photobean,Dodge,Glass,Painter
88,Michal,Ambler,mambler2f@goodreads.com,Grebenskaya,Straubel,Russia,RUB,39-572-2410,Aberg,275-798-7526,Photospace,Pontiac,Wood,Sheet Metal Worker
89,Abdel,Willwood,awillwood2g@apache.org,Yancheng,Hollow Ridge,China,CNY,39-486-4364,Mayfield,117-203-4149,Twimbo,Toyota,Steel,Terrazzo
90,Chancey,Tinson,ctinson2h@dailymail.co.uk,Ngujung,Riverside,Indonesia,IDR,64-610-5316,Arizona,545-387-5350,Camimbo,Ford,Wood,Refridgeration
91,Josie,Scarth,jscarth2i@miitbeian.gov.cn,Palebunan,Bunting,Indonesia,IDR,66-106-1300,Loftsgordon,727-620-7610,Quimba,Hummer,Aluminum,Pipefitter
92,Gusella,Mainson,gmainson2j@merriam-webster.com,Yangliu,Huxley,China,CNY,73-126-3652,Dovetail,680-318-8703,Eazzy,Dodge,Vinyl,Plasterers
93,Percy,Mumm,pmumm2k@deliciousdays.com,Donskoye,Merry,Russia,RUB,32-203-3275,Susan,378-633-6290,Photobug,Oldsmobile,Rubber,Pipelayer
94,Amberly,Bulger,abulger2l@fema.gov,Xumai,Fordem,China,CNY,87-674-0704,Rutledge,432-540-3392,Topicblab,Mazda,Brass,Plumber
95,Sharron,Hucke,shucke2m@hibu.com,Presidente Venceslau,Hovde,Brazil,BRL,73-123-0135,Division,464-215-6770,Browsetype,Nissan,Rubber,Laborer
96,Sherman,Foale,sfoale2n@ow.ly,Concepcion,Hanson,Philippines,PHP,33-385-8389,Evergreen,189-206-8095,Roomm,Mercedes-Benz,Rubber,Pipefitter
97,Dagny,Pordall,dpordall2o@xinhuanet.com,Machachi,Gulseth,Ecuador,USD,24-293-9265,Jana,780-868-5164,Skyvu,Toyota,Plexiglass,HVAC
98,Lovell,Varney,lvarney2p@prlog.org,Salinungan Proper,Brown,Philippines,PHP,31-112-2692,Summit,179-971-4631,Meembee,Oldsmobile,Aluminum,Painter
99,Freddy,Lambrechts,flambrechts2q@blog.com,Wan’an,Main,China,CNY,35-724-1859,Columbus,505-389-7032,Yotz,Maybach,Steel,Landscaper
100,Josie,Hazlewood,jhazlewood2r@dion.ne.jp,Jiapeng,Carpenter,China,CNY,30-525-0946,Mockingbird,583-863-9914,Yakijo,Chevrolet,Wood,Landscaper
101,Pegeen,Tillyer,ptillyer2s@technorati.com,Shu,Veith,Kazakhstan,KZT,05-029-5469,Anderson,351-185-4582,Edgewire,Pontiac,Brass,Boilermaker
102,Athene,Hallbord,ahallbord2t@prlog.org,Shūkat aş Şūfī,Union,Palestinian Territory,ILS,25-151-9586,Dayton,173-620-3098,Quire,Infiniti,Plastic,Tile Setter
103,Millie,Koles,mkoles2u@soup.io,Jianqiao,Summerview,China,CNY,81-465-6305,Kedzie,749-995-1868,Topicstorm,Hummer,Plastic,Glazier
104,Gaylene,Call,gcall2v@uol.com.br,Custódia,3rd,Brazil,BRL,89-937-4136,Acker,976-126-6372,Thoughtsphere,Infiniti,Wood,Plasterers
105,Barry,Arnault,barnault2w@hatena.ne.jp,Slovenski Javornik,Sachtjen,Slovenia,EUR,59-166-7616,Annamark,257-438-8789,Photofeed,Mercedes-Benz,Glass,Millwright
106,Colin,Huntar,chuntar2x@virginia.edu,Duwakkandung,Longview,Indonesia,IDR,55-767-5932,Forest Dale,409-184-6363,Tagpad,Chrysler,Vinyl,Linemen
107,Joela,Strother,jstrother2y@shareasale.com,Sinjai,American Ash,Indonesia,IDR,79-435-0318,Summit,384-386-1715,Livetube,Volvo,Granite,Boilermaker
108,Terri,Inwood,tinwood2z@sourceforge.net,El Real,Grayhawk,Venezuela,VEF,19-868-3259,Reindahl,293-941-7621,Agimba,Chevrolet,Wood,Millwright
109,Osmond,Aleksandrev,oaleksandrev30@domainmarket.com,Avignon,Nova,France,EUR,09-080-0357,Almo,790-897-3556,Linkbuzz,Toyota,Stone,Concrete Finisher
110,Sophey,McQuorkel,smcquorkel31@facebook.com,Chenyangzhai,Sullivan,China,CNY,61-025-4825,Lotheville,289-937-1885,Tekfly,GMC,Stone,Brickmason
111,Carlee,Sleeman,csleeman32@netvibes.com,Langpas,Burning Wood,Philippines,PHP,11-685-3777,Maple Wood,834-305-2846,Roombo,Nissan,Vinyl,Welder
112,Cullin,McGuiney,cmcguiney33@goodreads.com,Mangdang,Coleman,China,CNY,59-424-8767,Bunting,864-335-2994,Skajo,Mercedes-Benz,Aluminum,Concrete Finisher
113,Grethel,Sallan,gsallan34@tiny.cc,Duszniki-Zdrój,Victoria,Poland,PLN,69-867-1969,Loftsgordon,583-990-8493,Twinte,Mercury,Rubber,Plumber
114,Deonne,Haythorn,dhaythorn35@mail.ru,Haihui,Starling,China,CNY,24-444-4714,Ronald Regan,397-836-9487,Livefish,Mercury,Vinyl,Refridgeration
115,Mollee,Dominique,mdominique36@cpanel.net,Kumla,Kenwood,Sweden,SEK,55-149-6684,Village,759-616-7774,Browsedrive,Land Rover,Plastic,Linemen
116,Blake,Bastide,bbastide37@mysql.com,Hukeng,Morrow,China,CNY,35-816-2185,Springs,940-924-8803,Lazz,Honda,Rubber,Safety Officer
117,Jeanne,Stratley,jstratley38@google.de,Xinjian,Redwing,China,CNY,08-672-9670,Hoard,921-377-1707,Livepath,Daewoo,Brass,Refridgeration
118,Adan,Jacob,ajacob39@sphinn.com,Arnhem,Johnson,Netherlands,EUR,50-762-4539,Graceland,780-583-8206,Eire,GMC,Rubber,Sheet Metal Worker
119,Brigham,Trulock,btrulock3a@chicagotribune.com,Geputan,Del Sol,China,CNY,55-308-9201,Hoepker,544-949-5519,Mybuzz,Ford,Plexiglass,Sheet Metal Worker
120,Verene,Braycotton,vbraycotton3b@pcworld.com,Gosë e Madhe,Fordem,Albania,ALL,01-545-2096,Center,328-446-6839,Yombu,Mazda,Wood,Pipelayer
121,Merlina,Flade,mflade3c@yandex.ru,Lazaro Cardenas,Summerview,Mexico,MXN,14-405-9772,Magdeline,591-182-7362,Centizu,Chevrolet,Plastic,Laborer
122,Pavia,Stallion,pstallion3d@ft.com,Haokou,Roxbury,China,CNY,20-969-9754,Pierstorff,940-220-5710,Youspan,Chrysler,Wood,Sheet Metal Worker
123,Husein,Caret,hcaret3e@addthis.com,Skaryszew,Nevada,Poland,PLN,04-389-3610,Kim,513-977-4058,Skinte,Chevrolet,Granite,Terrazzo
124,Damiano,Shepard,dshepard3f@imgur.com,Miliangju,North,China,CNY,67-189-6124,Macpherson,134-123-7987,Fivespan,Mitsubishi,Plastic,Tile Setter
125,Shaine,Pindar,spindar3g@ox.ac.uk,Mikhaylovka,Elmside,Russia,RUB,87-907-7335,Arapahoe,408-814-3813,Demizz,Chrysler,Plastic,Brickmason
126,Thebault,Vondrasek,tvondrasek3h@ameblo.jp,Otavi,Ryan,Namibia,NAD,03-710-3059,Green,151-509-7127,Roomm,Geo,Aluminum,Ironworker
127,Shurlocke,Dehn,sdehn3i@census.gov,Fushan,Brickson Park,China,CNY,96-990-5524,Maple Wood,929-212-4351,Vipe,Jeep,Rubber,Linemen
128,Mahala,Martijn,mmartijn3j@furl.net,Zafar,Nancy,Uzbekistan,UZS,83-598-6133,Park Meadow,713-709-5438,Thoughtstorm,Ford,Glass,Boilermaker
129,Aksel,Asprey,aasprey3k@studiopress.com,Shangyang,Kennedy,China,CNY,45-258-4267,Straubel,113-997-2651,Zava,Toyota,Glass,Glazier
130,Jeno,Neumann,jneumann3l@photobucket.com,Niamey,Nevada,Niger,XOF,41-644-2685,Waxwing,340-878-1425,Photojam,Land Rover,Brass,Plumber
131,Pris,McGloin,pmcgloin3m@huffingtonpost.com,Ndano,American,Indonesia,IDR,93-766-0989,Westridge,290-630-2130,Abata,Audi,Stone,Equipment Operator
132,Amalita,Dowell,adowell3n@columbia.edu,Annau,Eggendart,Turkmenistan,TMT,15-323-2716,Comanche,599-829-7391,Buzzshare,Chrysler,Steel,Landscaper
133,Aili,Grimditch,agrimditch3o@1und1.de,Cabinda,Gale,Angola,AOA,06-068-9686,Gateway,999-239-9257,Kwinu,Plymouth,Granite,Equipment Operator
134,Timmy,Carleman,tcarleman3p@google.co.uk,Houmt Souk,Main,Tunisia,TND,84-410-4069,Ridgeway,151-736-9475,Devpulse,Acura,Plexiglass,HVAC
135,Shell,Maton,smaton3q@chron.com,Mayumba,Sundown,Gabon,XAF,48-525-5059,Raven,609-921-1538,Fivebridge,Pontiac,Glass,Terrazzo
136,Faustina,Mc Queen,fmcqueen3r@t.co,Tadine,Mosinee,New Caledonia,XPF,77-591-4690,Truax,944-702-9356,Zoozzy,Nissan,Steel,Stucco Mason
137,Erminie,Bruntjen,ebruntjen3s@dailymail.co.uk,Panique,Calypso,Philippines,PHP,18-510-1198,Pierstorff,335-732-6749,Avamba,Porsche,Granite,Cement Mason
138,Arlene,Broadhead,abroadhead3t@squarespace.com,Wakkanai,Kenwood,Japan,JPY,61-917-9165,American Ash,610-434-5305,Edgepulse,Kia,Stone,Landscaper
139,Fidelio,Reignould,freignould3u@imageshack.us,Tisul’,Corscot,Russia,RUB,50-504-8200,Ridgeway,112-511-7440,Oyope,Volkswagen,Glass,Refridgeration
140,Roderick,Ferreri,rferreri3v@tripadvisor.com,Vetlanda,Carey,Sweden,SEK,74-554-7686,Grasskamp,603-727-9658,Linkbuzz,Buick,Granite,Welder
141,Murielle,Senogles,msenogles3w@paypal.com,Turanj,Buell,Croatia,HRK,75-053-9978,Macpherson,792-684-3438,JumpXS,Dodge,Glass,Equipment Operator
142,Ardisj,Kaveney,akaveney3x@ocn.ne.jp,Kota Bharu,4th,Malaysia,MYR,27-579-8197,Carey,840-890-6518,Kazu,Mazda,Glass,Plumber
143,Guinevere,Marzello,gmarzello3y@digg.com,Libu,Lake View,China,CNY,27-925-7404,Westport,322-846-2417,Fanoodle,Audi,Steel,Welder
144,Verena,Hinze,vhinze3z@washingtonpost.com,Mayo Belwa,Kedzie,Nigeria,NGN,57-421-6667,Browning,326-843-3387,Edgepulse,Cadillac,Steel,Sheet Metal Worker
145,Lorrie,Fairpool,lfairpool40@cargocollective.com,Beishidian,Hayes,China,CNY,85-775-6724,Talisman,458-763-0283,Plajo,Ford,Brass,Landscaper
146,Ingar,Bettleson,ibettleson41@sun.com,Waihibar,Red Cloud,Indonesia,IDR,13-032-6736,Daystar,838-511-2867,Gabvine,Chevrolet,Rubber,Millwright
147,Udell,Threadgall,uthreadgall42@sciencedaily.com,Chãos,Sherman,Portugal,EUR,24-050-5057,Schmedeman,828-959-2006,Skynoodle,BMW,Rubber,Stucco Mason
148,Andee,Keneford,akeneford43@biblegateway.com,Vaitogi,Prairieview,American Samoa,USD,10-196-5408,Donald,365-903-9869,Jaxnation,Mitsubishi,Stone,Glazier
149,Esdras,Franklen,efranklen44@shareasale.com,Beichan,Sunnyside,China,CNY,16-292-4080,Russell,529-753-9782,Brainbox,Ford,Plexiglass,Plasterers
150,Bayard,Dukesbury,bdukesbury45@macromedia.com,Bago City,Waxwing,Philippines,PHP,59-497-0685,Vahlen,432-667-2051,Viva,GMC,Brass,Plasterers
151,Cherish,Gladtbach,cgladtbach46@tuttocitta.it,Verkhnyaya Belka,Sage,Ukraine,UAH,37-427-0736,Moland,224-817-4388,Kare,Ford,Aluminum,Carpenter
152,Blayne,Kestin,bkestin47@mlb.com,Stari Bar,Harper,Montenegro,EUR,06-430-7778,Lyons,887-123-1520,Flashset,Ford,Glass,Millwright
153,Horton,Birkbeck,hbirkbeck48@wiley.com,Khemisset,Hazelcrest,Morocco,MAD,62-887-4430,Menomonie,123-532-0814,Brainlounge,Volkswagen,Aluminum,Plumber
154,Nikolas,Malyj,nmalyj49@nasa.gov,Jajce,Clarendon,Bosnia and Herzegovina,BAM,31-979-3429,Meadow Vale,529-762-1233,Edgepulse,Ford,Brass,Equipment Operator
155,Claudia,Streeter,cstreeter4a@webnode.com,Deqing,Pond,China,CNY,87-630-3606,Northview,994-683-8309,Trunyx,Ford,Wood,Boilermaker
156,Candra,Gregan,cgregan4b@wikimedia.org,Al Jawādīyah,Florence,Syria,SYP,49-040-9315,Northport,559-422-7422,Bluezoom,BMW,Plexiglass,Refridgeration
157,Eliot,Sandcraft,esandcraft4c@hp.com,Huangyang,Elgar,China,CNY,49-368-2766,Scoville,178-224-4178,Gabtype,Toyota,Stone,Equipment Operator
158,Isaac,Harlowe,iharlowe4d@columbia.edu,Santo Niño,Stang,Philippines,PHP,22-834-9255,Pennsylvania,134-621-9433,Abata,Mazda,Granite,Boilermaker
159,Thedric,Gilbard,tgilbard4e@linkedin.com,Bentar,Larry,Indonesia,IDR,21-203-6882,Wayridge,831-359-8589,Quire,Bentley,Granite,Concrete Finisher
160,Mickey,Coon,mcoon4f@ucla.edu,Tambarangan,Melvin,Indonesia,IDR,53-253-2171,Glacier Hill,224-623-9401,Eayo,GMC,Vinyl,Painter
161,Ernie,Masdin,emasdin4g@shinystat.com,Svetlograd,Buell,Russia,RUB,96-602-1848,Wayridge,490-742-8699,Mycat,Suzuki,Brass,Sheet Metal Worker
162,Rorie,Crissil,rcrissil4h@unicef.org,Khorramdarreh,Mallard,Iran,IRR,77-130-8087,Caliangt,128-463-9605,Aimbo,Chevrolet,Vinyl,Millwright
163,Waring,Sidnell,wsidnell4i@blogs.com,Maunggora,Delaware,Indonesia,IDR,08-196-4348,Milwaukee,734-360-5853,Feedbug,Dodge,Steel,Landscaper
164,Ernesto,Clackson,eclackson4j@dagondesign.com,Letovice,Buena Vista,Czech Republic,CZK,74-463-9747,Bashford,330-971-8672,Gigabox,GMC,Steel,Painter
165,Tybi,Yanshin,tyanshin4k@google.es,Barreira,Derek,Portugal,EUR,38-443-1736,Straubel,377-558-6306,Topicblab,Hyundai,Stone,Linemen
166,Ilsa,McAloren,imcaloren4l@cyberchimps.com,Quinta da Torre,Beilfuss,Portugal,EUR,25-962-3633,Bowman,416-811-3997,Quatz,Lexus,Steel,Boilermaker
167,Melinde,O' Quirk,moquirk4m@dell.com,San Pedro,Novick,Philippines,PHP,34-049-5346,Dottie,751-253-5514,Kwinu,Cadillac,Rubber,Tile Setter
168,Hollie,Larmuth,hlarmuth4n@sphinn.com,Longquan,Heath,China,CNY,11-781-9583,Holmberg,134-672-5671,Skinte,Honda,Granite,Brickmason
169,Mick,Schrader,mschrader4o@princeton.edu,Tacoma,Bartillon,United States,USD,99-738-5800,Grover,253-987-4814,Jabbersphere,Chevrolet,Rubber,Safety Officer
170,Carry,Sedgman,csedgman4p@ted.com,Pocora,Sycamore,Costa Rica,CRC,40-424-8750,Sachtjen,411-371-8370,Gabtype,Subaru,Vinyl,Plumber
171,Orlan,Pagel,opagel4q@a8.net,Peskovka,Messerschmidt,Russia,RUB,02-710-1708,Elmside,926-955-2226,Skimia,GMC,Steel,Linemen
172,Valerye,Derington,vderington4r@istockphoto.com,Tangdukou,Crescent Oaks,China,CNY,46-759-6097,Talisman,858-584-6926,Meeveo,Plymouth,Aluminum,Ironworker
173,Meryl,Bachmann,mbachmann4s@yandex.ru,Gastoúni,Hanson,Greece,EUR,29-861-9352,5th,334-124-2446,Latz,Mitsubishi,Aluminum,Pipelayer
174,Dorise,Holliar,dholliar4t@google.com.hk,Khao Yoi,Loomis,Thailand,THB,95-734-5832,Dorton,691-904-0778,Avamba,Suzuki,Plexiglass,Cement Mason
175,Corenda,Bradshaw,cbradshaw4u@phpbb.com,Thatèng,Melody,Laos,LAK,11-719-8398,Warrior,876-855-2040,Kanoodle,Mercedes-Benz,Rubber,Pipelayer
176,Kissiah,Dymoke,kdymoke4v@hao123.com,Paris 17,Onsgard,France,EUR,34-131-0059,Fordem,693-626-0427,Pixope,Jeep,Rubber,Sheet Metal Worker
177,Danita,Calcut,dcalcut4w@theguardian.com,Caotang,Eagle Crest,China,CNY,71-597-2401,Holmberg,117-294-5271,Livetube,Mitsubishi,Wood,Millwright
178,Hamlen,MacWhan,hmacwhan4x@mapy.cz,Cárdenas,Texas,Cuba,CUP,59-007-4794,Texas,482-217-8503,Minyx,Chevrolet,Granite,Brickmason
179,Dyann,Stuckford,dstuckford4y@google.fr,Fovissste,Sutherland,Mexico,MXN,23-852-9847,Emmet,655-307-1074,Omba,Chrysler,Glass,Terrazzo
180,Henderson,Owers,howers4z@apache.org,Markowa,Farwell,Poland,PLN,22-842-4575,Vidon,777-496-6419,Browsedrive,Lexus,Rubber,Sheet Metal Worker
181,Noel,Colliber,ncolliber50@hexun.com,Yingzhou,Manitowish,China,CNY,85-401-8010,Spaight,231-568-3724,Ainyx,Plymouth,Brass,Equipment Operator
182,Sharron,Branscombe,sbranscombe51@un.org,Alkmaar,Havey,Netherlands,EUR,59-936-4364,Texas,511-218-6942,Linklinks,Chevrolet,Wood,Stucco Mason
183,Othilie,Cristofolo,ocristofolo52@usda.gov,Feuknoni,Riverside,Indonesia,IDR,72-996-4766,Hazelcrest,769-265-8408,Babbleset,Chevrolet,Stone,Landscaper
184,Fraze,Bardwell,fbardwell53@blogs.com,Cibeureum,Mendota,Indonesia,IDR,81-135-1809,Farwell,686-339-7832,Brainsphere,Pontiac,Vinyl,Waterproofer
185,Rogerio,Shawcross,rshawcross54@google.cn,L’vovskiy,Del Sol,Russia,RUB,09-849-6992,Kedzie,120-644-9960,Tazzy,Nissan,Stone,Plasterers
186,Tito,Oubridge,toubridge55@com.com,Camajuaní,Twin Pines,Cuba,CUP,84-464-8360,Comanche,479-263-2210,Yambee,Buick,Vinyl,Glazier
187,Tallie,Millom,tmillom56@last.fm,Minh Lương,Muir,Vietnam,VND,25-728-7386,Hoepker,260-653-4401,Wikibox,Toyota,Stone,Linemen
188,Tad,Sherrum,tsherrum57@indiegogo.com,East End,Sheridan,United Kingdom,GBP,03-373-2837,Sullivan,879-561-9602,Yodoo,Buick,Glass,Plumber
189,Damian,Teesdale,dteesdale58@fastcompany.com,Offenbach,Forest,Germany,EUR,64-243-6052,Gina,290-275-0976,Fadeo,Chevrolet,Wood,Landscaper
190,Marquita,Cardinale,mcardinale59@state.tx.us,Yulong,Stang,China,CNY,70-804-9034,Carpenter,105-102-1921,Kimia,Pontiac,Plexiglass,Equipment Operator
191,Michail,Blaylock,mblaylock5a@ning.com,Picoto,Kenwood,Portugal,EUR,26-999-2783,Hollow Ridge,895-469-7437,Mynte,Acura,Plexiglass,Brickmason
192,Mozelle,Gerb,mgerb5b@unesco.org,Sharjah,Brentwood,United Arab Emirates,AED,23-882-7109,Anderson,461-360-9517,Lazz,Rolls-Royce,Plastic,Boilermaker
193,Corie,Stourton,cstourton5c@flickr.com,Chợ Mới,Larry,Vietnam,VND,06-409-2732,Lyons,752-750-7550,Eadel,GMC,Glass,Equipment Operator
194,Cris,Bagshaw,cbagshaw5d@blogs.com,Guashe,Miller,China,CNY,94-638-4516,Lighthouse Bay,230-798-4874,Kare,Honda,Stone,Equipment Operator
195,Kaela,Twine,ktwine5e@techcrunch.com,Río Tercero,Melby,Argentina,ARS,69-224-1923,Sachtjen,682-834-2821,Skipfire,BMW,Granite,Equipment Operator
196,Orrin,Shuttleworth,oshuttleworth5f@thetimes.co.uk,Szczerbice,Montana,Poland,PLN,39-752-4180,Anniversary,708-441-5526,Camido,Porsche,Aluminum,Boilermaker
197,Hamid,McDougald,hmcdougald5g@surveymonkey.com,Rio Claro,Carioca,Brazil,BRL,16-705-4237,Johnson,312-478-8553,Brainsphere,Ford,Plexiglass,Plasterers
198,Bartholomew,Enrrico,benrrico5h@blog.com,Xiashihao,Barby,China,CNY,12-488-0573,Myrtle,306-546-9017,Livetube,Suzuki,Brass,Plasterers
199,Dina,Vasin,dvasin5i@cloudflare.com,Orda,Mendota,Russia,RUB,83-937-2958,Chive,208-931-5599,Riffpath,Cadillac,Glass,Pipefitter
200,Cornall,Fossett,cfossett5j@livejournal.com,Thiers,Monterey,France,EUR,85-917-1169,Nobel,247-111-4008,Kimia,Audi,Plastic,Ironworker
201,Joleen,Peetermann,jpeetermann5k@chronoengine.com,Hukou,Superior,China,CNY,40-087-9752,Division,556-433-3643,Wikizz,Subaru,Brass,Sheet Metal Worker
202,Bunnie,Penrose,bpenrose5l@independent.co.uk,Lonpao Dajah,Knutson,Indonesia,IDR,04-402-0860,American Ash,768-873-9967,Yakitri,Nissan,Plexiglass,Terrazzo
203,Terza,Mulqueeny,tmulqueeny5m@xing.com,Ketang,Ridge Oak,China,CNY,20-836-6268,Rowland,752-159-5297,Avamba,Porsche,Wood,Stucco Mason
204,Findley,Gamet,fgamet5n@mlb.com,Leskolovo,Talisman,Russia,RUB,40-465-3136,Bonner,696-614-6410,Tagcat,Volkswagen,Stone,Laborer
205,Katherine,Heinlein,kheinlein5o@booking.com,Al Judayrah,Maple,Palestinian Territory,ILS,93-755-7054,Golden Leaf,325-190-0476,Skyvu,Pontiac,Wood,Millwright
206,Jermain,Gathwaite,jgathwaite5p@friendfeed.com,Zmijavci,Emmet,Croatia,HRK,64-011-3571,Elgar,677-564-4031,Feedmix,Chevrolet,Brass,Concrete Finisher
207,Giffer,Manthorpe,gmanthorpe5q@youtu.be,Baiguan,Mosinee,China,CNY,07-860-0092,Bonner,988-492-2127,Zoomzone,Lincoln,Glass,Plumber
208,Barr,Endecott,bendecott5r@seattletimes.com,Tongjin,Westend,South Korea,KRW,20-418-8335,Carpenter,934-263-6552,Fatz,GMC,Aluminum,Electrician
209,Matti,Lunge,mlunge5s@wunderground.com,Habry,Schurz,Czech Republic,CZK,21-326-8726,Nelson,662-838-7913,Jayo,Cadillac,Granite,Linemen
210,Eleni,Clemmen,eclemmen5t@wsj.com,Bachaquero,Texas,Venezuela,VEF,69-759-0738,Hansons,344-593-9641,Photofeed,Subaru,Aluminum,Sheet Metal Worker
211,Sholom,Manon,smanon5u@hud.gov,Sydney,Green,Australia,AUD,69-726-7085,Magdeline,579-738-9044,Skidoo,Plymouth,Plexiglass,Terrazzo
212,Nydia,Naile,nnaile5v@macromedia.com,Villa Yapacaní,Rockefeller,Bolivia,BOB,67-859-2764,Memorial,609-350-9874,Linktype,Toyota,Steel,Sheet Metal Worker
213,Fancie,Phoenix,fphoenix5w@nifty.com,Argasari,Hazelcrest,Indonesia,IDR,15-008-0590,Milwaukee,642-564-7358,Thoughtmix,Hyundai,Plastic,Electrician
214,Annadiana,Eggar,aeggar5x@issuu.com,Pärnu,Goodland,Estonia,EUR,27-948-4804,Alpine,813-948-7192,Devpoint,Land Rover,Plexiglass,Equipment Operator
215,Lacie,Bloxam,lbloxam5y@shop-pro.jp,Helang,Bellgrove,China,CNY,09-661-3738,Warrior,847-877-3642,Layo,Land Rover,Brass,Concrete Finisher
216,Griswold,Morland,gmorland5z@google.ca,Poli,Kim,Indonesia,IDR,78-035-5981,Eliot,681-495-0105,Browsecat,Dodge,Plexiglass,Landscaper
217,Bartholomew,Boxer,bboxer60@hugedomains.com,Longquan,Huxley,China,CNY,84-117-2738,Loomis,763-402-7589,Feedfish,Jeep,Stone,HVAC
218,Caresa,Dalgetty,cdalgetty61@imgur.com,Tengah,Green Ridge,Indonesia,IDR,51-317-8980,Trailsway,227-354-5196,Wordtune,Lamborghini,Aluminum,Pipelayer
219,Sigismundo,Jakoviljevic,sjakoviljevic62@newyorker.com,Oslo,Monument,Norway,NOK,08-766-7775,Mccormick,448-881-4510,Eidel,Toyota,Wood,Laborer
220,Lane,Evett,levett63@cpanel.net,Boulsa,Lukken,Burkina Faso,XOF,77-217-4610,2nd,325-339-3260,Riffpedia,Saab,Wood,Linemen
221,Buddie,Frye,bfrye64@pagesperso-orange.fr,Tamansari,Grover,Indonesia,IDR,63-216-0853,Summit,889-882-9079,Thoughtblab,Ford,Granite,Pipelayer
222,Kelsey,Stukings,kstukings65@pinterest.com,Tuopu,Superior,China,CNY,45-882-3975,Old Gate,759-640-7747,Photobean,Chevrolet,Plexiglass,Plumber
223,Neron,Drife,ndrife66@mozilla.com,Klimovsk,Oxford,Russia,RUB,10-890-9552,Katie,849-215-6220,Thoughtsphere,Toyota,Glass,Terrazzo
224,Jamey,Gossage,jgossage67@jalbum.net,Guitang,Aberg,China,CNY,81-660-0714,Jenna,771-363-9059,Shuffletag,Land Rover,Steel,Carpenter
225,Maddalena,Dunning,mdunning68@tuttocitta.it,Yunzhong,Waywood,China,CNY,15-853-4317,Fremont,574-896-4868,Skyndu,Isuzu,Rubber,Ironworker
226,Chadd,Schimoni,cschimoni69@behance.net,Kegeyli Shahar,Lukken,Uzbekistan,UZS,57-651-5677,Russell,260-260-4414,Divape,Audi,Rubber,Landscaper
227,Poul,Levy,plevy6a@gov.uk,Almeria,Gina,Spain,EUR,80-404-0373,Daystar,165-244-4264,Rhyloo,GMC,Glass,Painter
228,Ange,Oxby,aoxby6b@who.int,Cullhuas,Sachs,Peru,PEN,78-710-0193,Grover,441-824-7280,Shufflester,Volvo,Plastic,Millwright
229,Dev,McAnalley,dmcanalley6c@intel.com,Ketanggi,Northland,Indonesia,IDR,27-070-9207,Hintze,455-786-4194,Katz,Nissan,Plexiglass,Plumber
230,Dorothy,Wilprecht,dwilprecht6d@mysql.com,Telhado,Oriole,Portugal,EUR,22-180-0315,Lien,592-785-3901,Photojam,Toyota,Vinyl,Ironworker
231,Kris,Kingaby,kkingaby6e@lulu.com,Adelaide Mail Centre,Thierer,Australia,AUD,42-772-9373,Carioca,659-495-6782,Edgepulse,Mercedes-Benz,Glass,Brickmason
232,Rivkah,Whardley,rwhardley6f@spiegel.de,Tojeira,Stang,Portugal,EUR,66-951-2862,Haas,164-239-7625,Mybuzz,Mercedes-Benz,Granite,Concrete Finisher
233,Marysa,Daton,mdaton6g@skype.com,Pulau Pinang,Tony,Malaysia,MYR,77-969-1129,Lyons,470-727-4234,Divanoodle,Infiniti,Granite,Ironworker
234,Eddi,Ends,eends6h@sourceforge.net,Gostovići,Charing Cross,Bosnia and Herzegovina,BAM,90-983-5672,Canary,933-309-1126,Flashdog,Chevrolet,Plexiglass,Ironworker
235,Brita,Slyvester,bslyvester6i@google.co.uk,Noailles,Green Ridge,France,EUR,63-085-1900,Gerald,736-362-8218,Jabbersphere,Suzuki,Glass,Painter
236,Kaye,Scorey,kscorey6j@amazon.com,Toledo,Muir,United States,USD,56-809-6173,Bluejay,419-996-3278,Meemm,Austin,Vinyl,Plasterers
237,Ronny,Veivers,rveivers6k@dedecms.com,Wuku,Kennedy,China,CNY,16-945-8305,Goodland,713-950-0693,Mynte,Alfa Romeo,Stone,Concrete Finisher
238,Jacquelin,Combe,jcombe6l@hao123.com,Kurmuk,Esch,Sudan,SDG,48-477-4941,Main,873-787-4424,Blogtag,Toyota,Brass,Linemen
239,Jessalyn,Novak,jnovak6m@blog.com,Erjia,Judy,China,CNY,19-357-5905,Spaight,127-922-2903,Avaveo,Dodge,Vinyl,Electrician
240,Nap,Coarser,ncoarser6n@slashdot.org,Almoínhas Velhas,Ruskin,Portugal,EUR,44-233-1815,Meadow Vale,696-339-5601,Yambee,Kia,Steel,Carpenter
241,Thia,Fortin,tfortin6o@topsy.com,Tacuatí,Truax,Paraguay,PYG,17-934-1532,Fulton,607-770-1470,LiveZ,Infiniti,Rubber,Welder
242,Lura,Scothron,lscothron6p@bbb.org,Memphis,Hudson,United States,USD,58-916-6976,Elka,901-220-8907,Flashpoint,Chevrolet,Brass,Plasterers
243,Zora,De la Feld,zdelafeld6q@va.gov,Uppsala,Browning,Sweden,SEK,31-945-7735,Forest,897-398-5935,Devify,Mitsubishi,Glass,Painter
244,Cameron,Porson,cporson6r@ask.com,Kanal,Reinke,Slovenia,EUR,45-765-7042,Maryland,475-404-8222,Ntags,GMC,Wood,Millwright
245,Candi,Frift,cfrift6s@usa.gov,Fontenay-sous-Bois,Mcbride,France,EUR,77-904-9742,Del Sol,146-123-5797,Gabtune,Acura,Vinyl,Laborer
246,Gilburt,Ruperti,gruperti6t@globo.com,Foumbot,Coolidge,Cameroon,XAF,03-419-2653,Fremont,552-788-3611,Yoveo,Mitsubishi,Rubber,Sheet Metal Worker
247,Ronica,Cutbirth,rcutbirth6u@rakuten.co.jp,Mīrwāh Gorchani,Kim,Pakistan,PKR,88-400-9377,Fisk,157-184-1624,Layo,Lincoln,Aluminum,Plumber
248,Lynne,McKeney,lmckeney6v@squidoo.com,Santa Rosa,Grim,Peru,PEN,85-942-5450,Vera,697-132-6528,Brainsphere,Hyundai,Plexiglass,Refridgeration
249,Windham,Jako,wjako6w@ocn.ne.jp,Berea,Oak,South Africa,ZAR,77-998-0719,Mayer,838-867-4683,Quinu,GMC,Brass,Electrician
250,Karie,Rowbotham,krowbotham6x@tinypic.com,Deqing,Lighthouse Bay,China,CNY,88-012-8739,Blackbird,370-598-1557,Fadeo,Subaru,Wood,Plasterers
251,Reggi,Swede,rswede6y@dropbox.com,Donja Brela,Northfield,Croatia,HRK,72-085-4290,Transport,635-647-7345,Oodoo,Infiniti,Stone,Stucco Mason
252,Lannie,Crank,lcrank6z@ycombinator.com,Cimanggu,Huxley,Indonesia,IDR,91-270-0464,Blue Bill Park,297-142-2281,Zoonder,Chevrolet,Stone,Carpenter
253,Natassia,Plowright,nplowright70@chronoengine.com,Vishow,Maple,Belarus,BYR,14-785-3915,Sutherland,688-698-4302,Ainyx,Isuzu,Aluminum,Carpenter
254,Basil,Linnitt,blinnitt71@smh.com.au,Nizhniy Tagil,Prairieview,Russia,RUB,52-223-8838,Waywood,809-838-5438,Flashspan,Suzuki,Brass,Concrete Finisher
255,Reidar,Berrey,rberrey72@ted.com,Göteborg,Jenna,Sweden,SEK,60-871-5339,Bowman,813-720-6127,DabZ,Mazda,Steel,Tile Setter
256,Aguie,Brockman,abrockman73@hubpages.com,San Carlos de Bariloche,Mayer,Argentina,ARS,60-300-8968,Sycamore,417-890-3207,Yabox,Chevrolet,Glass,Waterproofer
257,Barrett,Dickinson,bdickinson74@go.com,San Antonio,Hooker,Philippines,PHP,32-028-8008,Dixon,296-397-8428,Dabfeed,Nissan,Rubber,Boilermaker
258,Gunar,Melior,gmelior75@mapy.cz,Tukhlya,Ludington,Ukraine,UAH,44-009-4622,Moland,719-868-6789,Leexo,Plymouth,Wood,Sheet Metal Worker
259,Deana,Hamnet,dhamnet76@stumbleupon.com,Santaluz,Grayhawk,Brazil,BRL,73-995-8218,Bowman,370-679-5879,Oyope,Volkswagen,Vinyl,Laborer
260,Nico,Bruyns,nbruyns77@feedburner.com,Seattle,Burning Wood,United States,USD,93-049-5249,Dayton,206-796-7126,Vipe,Subaru,Stone,Glazier
261,Inger,Gibbe,igibbe78@ed.gov,Urrô,Grayhawk,Portugal,EUR,81-102-0878,Lighthouse Bay,749-504-7809,Ntags,Lexus,Brass,Safety Officer
262,Derby,Searsby,dsearsby79@dedecms.com,Jinjiang,Evergreen,China,CNY,62-097-5499,Crowley,960-297-0820,Cogidoo,Jeep,Rubber,Concrete Finisher
263,Salim,Mountcastle,smountcastle7a@earthlink.net,Stockholm,Dryden,Sweden,SEK,97-482-0582,Sugar,357-161-2817,Wordware,Honda,Plexiglass,Stucco Mason
264,Garfield,Castanyer,gcastanyer7b@quantcast.com,Wanfang,Corben,China,CNY,66-983-2929,Forster,495-658-7385,Skaboo,Chevrolet,Brass,Safety Officer
265,Tessie,Braybrookes,tbraybrookes7c@engadget.com,Miasteczko Śląskie,Monterey,Poland,PLN,71-498-5081,Lukken,937-800-3735,Kayveo,Subaru,Wood,Stucco Mason
266,Gage,Gianneschi,ggianneschi7d@dedecms.com,Ad Dabbah,Lighthouse Bay,Sudan,SDG,66-388-7687,Ruskin,168-376-2044,Vinder,Cadillac,Rubber,Stucco Mason
267,Minnnie,Deroche,mderoche7e@deliciousdays.com,Tong’an,Corben,China,CNY,96-667-5615,Nevada,352-713-5022,Flashpoint,Chevrolet,Vinyl,Painter
268,Burtie,Flinn,bflinn7f@icio.us,Cikarang,American Ash,Indonesia,IDR,28-098-7847,Emmet,100-877-2156,Yotz,Audi,Vinyl,Terrazzo
269,Elysee,Napoli,enapoli7g@tripadvisor.com,Douane,Service,Tunisia,TND,98-793-4656,Goodland,781-980-0600,Livetube,Hyundai,Granite,Stucco Mason
270,Blinni,Grabham,bgrabham7h@ovh.net,Palencia,Kensington,Spain,EUR,25-155-8600,Annamark,363-573-3666,Oyoyo,Mitsubishi,Brass,Ironworker
271,Anthiathia,Gores,agores7i@bluehost.com,Baojia,Memorial,China,CNY,78-409-2398,Hermina,827-869-3278,Kwinu,Chevrolet,Stone,Brickmason
272,Kirby,Dewick,kdewick7j@flavors.me,Valence,Dexter,France,EUR,50-357-4295,Anzinger,138-750-2512,Riffpedia,Lamborghini,Vinyl,Welder
273,Chancey,Shovlin,cshovlin7k@weather.com,Titab,Basil,Indonesia,IDR,77-252-1353,Nova,805-994-9715,Jayo,Suzuki,Vinyl,Plasterers
274,Noellyn,Bolstridge,nbolstridge7l@baidu.com,Madalum,Hallows,Philippines,PHP,97-543-8916,6th,507-377-5253,Thoughtmix,GMC,Brass,Boilermaker
275,Hyman,Gormally,hgormally7m@com.com,Zblewo,Judy,Poland,PLN,70-523-3722,6th,593-446-8849,Tagfeed,Mitsubishi,Vinyl,Plasterers
276,Lisabeth,Yeardsley,lyeardsley7n@admin.ch,Itarana,Oak,Brazil,BRL,70-136-3251,Stang,128-182-6685,Dabjam,Land Rover,Plastic,Concrete Finisher
277,Way,Guilloneau,wguilloneau7o@indiatimes.com,Zhongshan,Lyons,China,CNY,69-695-6537,Del Sol,747-635-3131,Mycat,Mazda,Brass,Laborer
278,Eugine,Beddard,ebeddard7p@weibo.com,Jinshan,Hermina,China,CNY,04-881-0628,Southridge,290-900-6701,Oyoloo,Dodge,Glass,Glazier
279,Lek,Ducaen,lducaen7q@booking.com,Ostrzeszów,Karstens,Poland,PLN,04-868-5439,Sachtjen,352-843-2549,Tavu,Porsche,Rubber,Refridgeration
280,Sigismond,Hapke,shapke7r@dmoz.org,Yuanlin,Caliangt,China,CNY,83-840-8310,Menomonie,869-434-8338,Abata,Buick,Aluminum,Plumber
281,Nickie,Heazel,nheazel7s@w3.org,Paraiso,Northland,Philippines,PHP,62-898-1742,Crest Line,200-544-3981,Twitterbridge,Suzuki,Plexiglass,Equipment Operator
282,Darby,Start,dstart7t@wordpress.com,Khlong Toei,Golden Leaf,Thailand,THB,37-759-4355,Elgar,475-131-5043,Skinix,Chevrolet,Vinyl,Tile Setter
283,Packston,Camis,pcamis7u@smh.com.au,Huolongmen,Mccormick,China,CNY,50-747-0183,Arizona,712-663-6899,Linkbuzz,Hyundai,Stone,Refridgeration
284,Sarina,Fonzo,sfonzo7v@free.fr,Sueyoshichō-ninokata,Mosinee,Japan,JPY,85-462-0561,Pond,567-615-8923,Wordware,Chevrolet,Stone,Plumber
285,Antons,Willard,awillard7w@rediff.com,Dalong,Meadow Ridge,China,CNY,96-978-0857,Mifflin,658-519-9448,Feedspan,Saturn,Wood,Laborer
286,Salomo,Ferrotti,shans7x@google.fr,Além do Rio,Grayhawk,Portugal,EUR,86-819-7215,Buena Vista,401-189-8359,Voolia,Audi,Brass,Brickmason
287,Gustie,Sorley,gmccroft7y@list-manage.com,Xiayang,Oak,China,CNY,01-142-2234,Weeping Birch,976-344-9694,Photobean,Lexus,Wood,Linemen
288,Florrie,Furminger,fhodgin7z@google.it,Trikora,Melvin,Indonesia,IDR,95-414-7563,La Follette,887-846-8185,Photospace,Saab,Vinyl,Plumber
289,Elva,Stenners,ehambly80@timesonline.co.uk,Makiv,Ronald Regan,Ukraine,UAH,48-750-7176,Mandrake,917-524-6863,Twimbo,Nissan,Glass,Electrician
290,Cary,Rudman,cmurden81@gov.uk,Ḩalabjah,Hanson,Iraq,IQD,83-817-0910,Marcy,273-161-2619,Camimbo,Dodge,Brass,Glazier
291,Ardith,Collison,achaudrelle82@indiatimes.com,Qiujima,Sundown,China,CNY,13-298-8159,Rockefeller,923-436-2766,Quimba,Cadillac,Vinyl,Terrazzo
292,Esdras,Petrushkevich,ebrager83@chron.com,Daxi,Cody,China,CNY,98-577-3033,Ramsey,881-462-6929,Eazzy,Mazda,Aluminum,Safety Officer
293,Brynn,Caizley,bnitto84@mediafire.com,Makrochóri,Spenser,Greece,EUR,62-876-6366,2nd,814-565-9651,Photobug,Cadillac,Plexiglass,Laborer
294,Benjamen,Whickman,bleaton85@smugmug.com,Ospina,Pankratz,Colombia,COP,58-985-7338,Continental,530-371-2172,Topicblab,Toyota,Vinyl,Cement Mason
295,Lari,Seymer,loglesbee86@indiegogo.com,La Vega,Arapahoe,Colombia,COP,28-969-5859,Gerald,892-573-5728,Browsetype,Dodge,Steel,Pipefitter
296,Peta,Simeon,plangland87@nytimes.com,Cibitung,Dahle,Indonesia,IDR,86-736-7895,Reindahl,709-787-3534,Roomm,Nissan,Glass,Electrician
297,Jeniffer,Bosward,jsimka88@reddit.com,Zoumachang,Cordelia,China,CNY,68-619-1931,Banding,429-782-5898,Skyvu,Hyundai,Glass,Millwright
298,Borden,Ipplett,bbrixey89@wisc.edu,Irapa,Sherman,Venezuela,VEF,05-519-5276,Waxwing,363-668-2518,Meembee,Mercury,Granite,Pipefitter
299,Gretal,Croke,glongmaid8a@youtu.be,Kolambugan,Sage,Philippines,PHP,78-352-4485,Green,645-518-9790,Yotz,Chevrolet,Glass,Ironworker
300,Rebecca,Agdahl,rclubley8b@si.edu,Iradan,Corben,Kyrgyzstan,KGS,12-159-3289,Mayer,756-573-2735,Yakijo,Cadillac,Rubber,Cement Mason
301,Star,Goodenough,sgalvin8c@ebay.com,Kamloops,Armistice,Canada,CAD,19-778-4684,Paget,203-567-2142,Edgewire,Toyota,Aluminum,Landscaper
302,Ephrayim,Barnard,ecanadine8d@360.cn,Jinjing,Trailsway,China,CNY,85-558-3936,2nd,133-488-4213,Quire,MINI,Plexiglass,Equipment Operator
303,Daniele,Spilstead,dparlour8e@privacy.gov.au,Wushan,6th,China,CNY,08-004-2200,Moland,356-654-9171,Topicstorm,Jaguar,Rubber,Landscaper
304,Bertine,Greenrodd,bbergstram8f@nydailynews.com,Lingbei,Randy,China,CNY,47-248-5037,Aberg,403-514-6478,Thoughtsphere,Mazda,Aluminum,Landscaper
305,Crosby,Spiaggia,cgilliat8g@xrea.com,Chuoyuan,Logan,China,CNY,74-415-4083,Twin Pines,259-347-2823,Photofeed,Mitsubishi,Brass,Brickmason
306,Coraline,Todd,cmatanin8h@wikispaces.com,Sainte-Agathe-des-Monts,Maple,Canada,CAD,07-721-2282,Maywood,949-136-0135,Tagpad,Honda,Granite,Landscaper
307,Gabie,Danilewicz,gcruddas8i@webmd.com,Périgueux,Merchant,France,EUR,57-205-9409,Lakeland,709-984-6943,Livetube,Mercedes-Benz,Aluminum,Cement Mason
308,Gretal,Wealleans,gdavidsson8j@360.cn,Quezon City,Helena,Philippines,PHP,24-839-3390,Schmedeman,954-988-5727,Agimba,Kia,Wood,Cement Mason
309,Patty,Underwood,poldmeadow8k@indiatimes.com,Matamey,Dorton,Niger,XOF,65-158-8115,Surrey,705-935-6017,Linkbuzz,Toyota,Granite,Boilermaker
310,Gabriellia,Wride,gricket8l@wisc.edu,Concepción de la Barranca,Arkansas,Honduras,HNL,14-149-6025,Schiller,490-911-5586,Tekfly,Dodge,Rubber,Equipment Operator
311,Camila,Etheredge,cgirkin8m@oakley.com,San Cristóbal Cucho,Mayer,Guatemala,GTQ,74-609-1597,Sundown,859-842-5676,Roombo,Volkswagen,Plexiglass,Glazier
312,Herb,Ballister,harkley8n@berkeley.edu,Zhengyangshan,Nova,China,CNY,19-005-5056,Vera,932-391-8912,Skajo,Chrysler,Rubber,Safety Officer
313,Florenza,Cyseley,fjago8o@macromedia.com,Susunan,Corry,Indonesia,IDR,42-174-8471,Luster,746-479-7499,Twinte,Toyota,Plexiglass,HVAC
314,Ciel,Sooley,cpick8p@arstechnica.com,Pleven,Hazelcrest,Bulgaria,BGN,02-078-1368,Hooker,585-375-1146,Livefish,BMW,Stone,Painter
315,Carmella,Jendrach,ccubberley8q@irs.gov,Rafael Hernandez Ochoa,Utah,Mexico,MXN,79-987-4492,Farragut,603-152-0057,Browsedrive,Acura,Rubber,Boilermaker
316,Blanca,Jeanel,bgermann8r@rambler.ru,Néa Plágia,Anniversary,Greece,EUR,45-717-6647,Hudson,239-975-9870,Lazz,Infiniti,Glass,Laborer
317,Gabey,Durrand,gsleney8s@imgur.com,Kuala Lumpur,Carberry,Malaysia,MYR,78-331-8582,Claremont,723-748-5704,Livepath,Land Rover,Steel,Welder
318,Walden,Wray,wedgin8t@nature.com,Rokytne,Harper,Ukraine,UAH,75-444-7644,Prentice,409-765-3005,Eire,Toyota,Brass,Linemen
319,Leone,Potteril,lervin8u@macromedia.com,San Enrique,Cherokee,Philippines,PHP,72-147-3821,Oakridge,763-908-0817,Mybuzz,Toyota,Steel,Refridgeration
320,Dominick,Letford,ddiess8v@webeden.co.uk,Veternik,Tennessee,Serbia,RSD,49-894-2076,Gale,377-332-0071,Yombu,Chevrolet,Plexiglass,Safety Officer
321,Emmalynne,Linch,egriffoen8w@gmpg.org,Gandi,Macpherson,Nigeria,NGN,90-796-0003,Scofield,355-537-8364,Centizu,Lexus,Stone,Millwright
322,Adolf,Brea,avinten8x@ox.ac.uk,Bekwai,East,Ghana,GHS,04-168-3657,Bellgrove,573-616-4907,Youspan,Honda,Vinyl,Pipelayer
323,Nananne,Brinicombe,ntift8y@sourceforge.net,Minh Lương,Hermina,Vietnam,VND,03-504-8043,Caliangt,126-457-8016,Skinte,Volkswagen,Brass,Carpenter
324,Jake,Mildner,jdelgardo8z@dot.gov,Obudovac,Dunning,Bosnia and Herzegovina,BAM,28-094-9100,Eastlawn,796-770-2197,Fivespan,Land Rover,Steel,Glazier
325,Garwin,Finan,gugolini90@addtoany.com,Kasreman Wetan,Sunbrook,Indonesia,IDR,93-274-2437,Doe Crossing,274-301-4185,Demizz,Toyota,Stone,Refridgeration
326,Elmira,Divers,ebeckhouse91@fastcompany.com,Ivry-sur-Seine,Northview,France,EUR,72-054-3716,Cherokee,782-621-9553,Roomm,Ford,Granite,Landscaper
327,Erek,Vernazza,elapslie92@netlog.com,Kariya,Kingsford,Japan,JPY,99-537-5614,Westerfield,164-522-8919,Vipe,BMW,Plastic,Cement Mason
328,Dulce,Glenister,dheugel93@blog.com,Tanjungbatu,Moose,Indonesia,IDR,10-445-5199,Elmside,306-770-4310,Thoughtstorm,Audi,Brass,Landscaper
329,Joelie,Hammant,jnelthrop94@flavors.me,Wenqiao,Vidon,China,CNY,44-250-0515,North,101-239-4363,Zava,BMW,Steel,Linemen
330,Farrel,Ambroisin,fwassell95@squarespace.com,Pavlovka,Talmadge,Russia,RUB,63-019-0571,Mandrake,343-633-6292,Photojam,Cadillac,Plexiglass,Electrician
331,Ansel,Foskew,athornewell96@dagondesign.com,Tatuí,Grim,Brazil,BRL,06-774-7224,Mockingbird,304-560-6813,Abata,Pontiac,Rubber,Landscaper
332,Manfred,Dowty,mmclinden97@economist.com,Taquile,Emmet,Peru,PEN,83-152-1399,Granby,400-137-1022,Buzzshare,GMC,Plexiglass,Waterproofer
333,Magnum,Eleshenar,mtritton98@booking.com,Hengshanqiao,Swallow,China,CNY,03-251-1690,Park Meadow,861-920-8181,Kwinu,Audi,Granite,Plumber
334,Jorie,Jenicek,jmulloch99@is.gd,Zhishan,Starling,China,CNY,71-069-8855,Gateway,477-147-3204,Devpulse,GMC,Rubber,HVAC
335,Kasey,Pembridge,kilewicz9a@free.fr,Ransiki,Melby,Indonesia,IDR,77-636-0815,Moose,806-320-4810,Fivebridge,Saab,Wood,Carpenter
336,Diane-marie,Pesek,ddcruze9b@bluehost.com,Nóvita,Melody,Colombia,COP,72-727-3675,Elgar,588-583-3471,Zoozzy,Chrysler,Brass,Ironworker
337,Kevan,Paridge,ktoxell9c@google.ca,Amalfi,Hayes,Colombia,COP,75-361-9209,Stuart,647-300-0486,Avamba,BMW,Vinyl,Equipment Operator
338,Isabelita,Sumers,iboutellier9d@nps.gov,Dagohoy,Crowley,Philippines,PHP,50-660-0112,Jana,248-333-3159,Edgepulse,GMC,Granite,Glazier
339,Deeann,Regglar,dalps9e@youtube.com,Lakkha Nëvre,Tomscot,Russia,RUB,44-190-2096,Thackeray,813-137-1360,Oyope,Volvo,Glass,HVAC
340,Camala,Barukh,cmacdonell9f@1und1.de,Mtimbira,Sheridan,Tanzania,TZS,58-654-6775,Southridge,723-404-4784,Linkbuzz,Volkswagen,Wood,Cement Mason
341,Belva,Oliffe,bsackur9g@squidoo.com,Lishu,Center,China,CNY,17-339-8669,Amoth,297-400-5830,JumpXS,Toyota,Brass,Glazier
342,Rick,Allibon,rrubinlicht9h@usnews.com,Zielonka,Del Mar,Poland,PLN,61-351-9938,Dennis,102-566-8478,Kazu,Volkswagen,Plastic,Glazier
343,Duky,Blenkensop,dbarense9i@tmall.com,Shatrovo,Talisman,Russia,RUB,16-137-0438,Gulseth,681-494-3207,Fanoodle,Volkswagen,Glass,Brickmason
344,Ludwig,Moret,lderill9j@cdc.gov,Pardelhas,Acker,Portugal,EUR,70-992-4914,Schiller,785-413-4553,Edgepulse,Jaguar,Steel,Landscaper
345,Lanae,Frisel,lnortheast9k@hc360.com,Kongoussi,Old Shore,Burkina Faso,XOF,38-101-9428,Prairie Rose,203-118-8422,Plajo,Ford,Wood,Stucco Mason
346,Anthe,Gerrens,asimmers9l@prweb.com,Parapat,Arkansas,Indonesia,IDR,59-049-8741,Logan,983-485-0789,Gabvine,Mitsubishi,Granite,Laborer
347,Birgitta,Grisard,bcripin9m@livejournal.com,Santa Cruz del Sur,Gulseth,Cuba,CUP,47-955-0655,Harper,412-769-6389,Skynoodle,Toyota,Rubber,Ironworker
348,Nydia,Martynov,nbeades9n@techcrunch.com,Zhaoxian,Lakewood Gardens,China,CNY,90-365-2324,Stang,490-579-1758,Jaxnation,Mercury,Plexiglass,HVAC
349,Earl,Lightman,egress9o@gmpg.org,Las Palmas,Dunning,Peru,PEN,45-265-2694,Division,211-389-4309,Brainbox,Ford,Glass,Stucco Mason
350,Binni,Liddle,bcheccucci9p@alibaba.com,Paleran,Magdeline,Indonesia,IDR,07-236-5459,Mayer,426-746-0108,Viva,Chevrolet,Plastic,Stucco Mason
351,Aldwin,Dobbing,afidelli9q@examiner.com,Manga,Linden,Philippines,PHP,49-755-3526,Hanover,703-454-6760,Kare,Cadillac,Aluminum,Carpenter
352,Oran,McRoberts,oneilson9r@ucla.edu,Carpentras,Meadow Valley,France,EUR,11-274-0405,Melody,115-974-9869,Flashset,Suzuki,Plexiglass,Refridgeration
353,Rhoda,Stallebrass,rroullier9s@miitbeian.gov.cn,Retorta,Mendota,Portugal,EUR,40-789-5964,Clyde Gallagher,345-677-9023,Brainlounge,Infiniti,Stone,HVAC
354,Winne,Danaher,wmcdoual9t@prweb.com,Wunat,Golf,Indonesia,IDR,51-165-1748,Granby,935-702-8183,Edgepulse,Pontiac,Plastic,Terrazzo
355,Adolph,Palffy,ameneghi9u@dion.ne.jp,Tampakan,Eastlawn,Philippines,PHP,48-737-3650,Village,580-790-4850,Trunyx,Chevrolet,Steel,Safety Officer
356,Bob,Tertre,belcocks9v@china.com.cn,Libertador General San Martín,Cardinal,Argentina,ARS,57-792-2054,Merrick,495-594-7337,Bluezoom,Jeep,Granite,Concrete Finisher
357,Conrado,Prestage,cfromont9w@last.fm,Krasnaye,Anniversary,Belarus,BYR,56-010-8057,Mifflin,614-381-3392,Gabtype,Ferrari,Brass,Plumber
358,Durand,Phelips,dlamberton9x@a8.net,Tabant,Namekagon,Morocco,MAD,99-752-3496,Monument,304-944-0760,Abata,Mercedes-Benz,Wood,HVAC
359,Hasheem,Attenbarrow,hadam9y@hud.gov,Alebtong,Northport,Uganda,UGX,54-045-5620,Crescent Oaks,717-699-6017,Quire,Saab,Plexiglass,Laborer
360,Pru,Stowe,pambridge9z@tinyurl.com,Tai’an,Crowley,China,CNY,71-322-7229,Dixon,294-746-1695,Eayo,Chrysler,Vinyl,Electrician
361,Irving,Alster,inorstera0@who.int,Venustiano Carranza,Johnson,Mexico,MXN,15-152-5458,Morningstar,442-257-9076,Mycat,Audi,Plastic,Carpenter
362,Felicity,Calbaithe,fansticea1@hud.gov,Thị Trấn Yên Thế,Coolidge,Vietnam,VND,64-807-2666,Porter,686-750-8697,Aimbo,GMC,Plastic,Concrete Finisher
363,Mozelle,Durgan,mpalaa2@yandex.ru,Yuqian,Sherman,China,CNY,17-870-6745,John Wall,699-784-1480,Feedbug,Volkswagen,Brass,Glazier
364,Christie,Goldberg,ccouvea3@ca.gov,Bambuí,1st,Brazil,BRL,71-363-2092,Bowman,486-472-9781,Gigabox,Toyota,Glass,Ironworker
365,Jaymee,Corroyer,jledstera4@histats.com,Nogueira da Regedoura,Nova,Portugal,EUR,77-068-6079,Luster,783-740-6978,Topicblab,Ford,Stone,Stucco Mason
366,Noland,Vennard,nmanketella5@army.mil,Knivsta,Sundown,Sweden,SEK,65-567-9021,Sage,298-275-0237,Quatz,Pontiac,Plastic,Concrete Finisher
367,Tadeas,Orgill,tlodya6@walmart.com,Antas,Myrtle,Portugal,EUR,06-917-6422,North,149-873-4336,Kwinu,Aston Martin,Rubber,Safety Officer
368,Justine,Mannakee,jwestwooda7@netscape.com,Pokrovskoye-Streshnëvo,Tomscot,Russia,RUB,10-269-5077,Mayfield,563-492-3962,Skinte,Buick,Stone,Welder
369,Gregorius,Wiley,gdabbotdoylea8@liveinternet.ru,Mazār-e Sharīf,Cody,Afghanistan,AFN,77-471-3638,Comanche,893-876-4380,Jabbersphere,MINI,Rubber,Brickmason
370,Barbabra,Twitty,belkingtona9@bbc.co.uk,Samdrup Jongkhar,Golden Leaf,Bhutan,BTN,68-583-8122,Kings,284-695-2434,Gabtype,MINI,Rubber,Pipefitter
371,Charmion,Beake,cteodorskiaa@posterous.com,Jocotán,Anthes,Guatemala,GTQ,73-751-6256,Novick,857-672-3706,Skimia,Ford,Stone,Equipment Operator
372,Ardelis,Tooker,asargisonab@squarespace.com,Dashi,Fallview,China,CNY,86-793-4929,Prairie Rose,388-282-9179,Meeveo,Dodge,Vinyl,Concrete Finisher
373,Edy,Abrahamsohn,etometac@google.de,Fredrikstad,Chive,Norway,NOK,83-496-5220,Lerdahl,961-962-7199,Latz,Chevrolet,Stone,Pipelayer
374,Theobald,Botger,tcunnowad@ezinearticles.com,Ilo,Sullivan,Peru,PEN,64-339-3590,Bobwhite,866-578-9277,Avamba,Mercury,Wood,Brickmason
375,Banky,Trevor,bmichelleae@quantcast.com,Chancay,Cardinal,Peru,PEN,36-049-9618,Little Fleur,529-786-1186,Kanoodle,Lamborghini,Brass,Brickmason
376,Laurie,Skones,lphelipsaf@wsj.com,Czerwionka-Leszczyny,Blackbird,Poland,PLN,03-033-5475,Clyde Gallagher,145-492-2928,Pixope,Geo,Stone,Refridgeration
377,Leonore,Febry,lhufferag@loc.gov,Natonin,Hoepker,Philippines,PHP,54-507-5870,Forest Run,549-461-8967,Livetube,Volvo,Plexiglass,Stucco Mason
378,Cecil,Pressland,cgeevesah@com.com,Kroonstad,Hayes,South Africa,ZAR,49-084-7520,Namekagon,146-411-8549,Minyx,Volkswagen,Granite,Linemen
379,Udall,Leftley,umardleai@jalbum.net,Reims,Maple,France,EUR,09-241-0658,Heath,230-581-3301,Omba,Infiniti,Steel,Ironworker
380,Mabel,Crole,mmapplethorpeaj@paypal.com,Dapdap,Acker,Philippines,PHP,31-763-9691,Pearson,971-540-1054,Browsedrive,Mazda,Plastic,Safety Officer
381,Lin,Mulran,lolubyak@engadget.com,Lanzhong,Banding,China,CNY,94-754-4037,Claremont,551-914-9285,Ainyx,Dodge,Steel,Boilermaker
382,Bertram,Pelosi,bauburyal@un.org,Galátsi,Springs,Greece,EUR,35-482-8338,West,452-230-5892,Linklinks,Cadillac,Steel,Safety Officer
383,Israel,Blaschek,isextyam@reverbnation.com,Viangxai,Merry,Laos,LAK,59-513-5618,Gina,218-589-4426,Babbleset,Mercedes-Benz,Rubber,Sheet Metal Worker
384,Patrizia,Dunhill,pizkovitchan@hugedomains.com,Guamal,Transport,Colombia,COP,73-552-0176,Huxley,128-949-4463,Brainsphere,Chevrolet,Steel,HVAC
385,Karyn,Clinton,kclintonao@mlb.com,Arlöv,Troy,Sweden,SEK,76-060-0075,Anhalt,673-694-3869,Tazzy,Hyundai,Rubber,Millwright
386,Orly,Kenzie,okenzieap@vinaora.com,Arada,Pierstorff,Honduras,HNL,03-692-0067,American Ash,456-327-6308,Yambee,Mercedes-Benz,Plastic,Landscaper
387,Eolanda,Clewley,eclewleyaq@w3.org,Montpellier,Hanson,France,EUR,26-292-3336,Monica,162-252-2182,Wikibox,Toyota,Steel,Laborer
388,Aube,Cluley,acluleyar@hatena.ne.jp,Da’an,Birchwood,China,CNY,01-301-9430,Everett,444-816-3245,Yodoo,Chrysler,Vinyl,Millwright
389,Raff,Burkill,rburkillas@un.org,Koh Tao,Laurel,Thailand,THB,14-703-6235,Butterfield,852-382-9794,Fadeo,Toyota,Rubber,Glazier
390,Vinny,Lampen,vlampenat@ed.gov,Chengdong,Stuart,China,CNY,92-497-9191,Starling,109-815-9900,Kimia,Infiniti,Granite,Tile Setter
391,Quinton,Commin,qcomminau@sun.com,Erdaojiang,Bunting,China,CNY,61-050-9084,Lien,626-975-1118,Mynte,Dodge,Wood,Millwright
392,Owen,Pawellek,opawellekav@cloudflare.com,Weishanzhuang,Hayes,China,CNY,13-826-2014,Union,820-948-9071,Lazz,GMC,Steel,Pipelayer
393,Simonne,Siverns,ssivernsaw@columbia.edu,Maceió,Duke,Brazil,BRL,73-935-4416,Little Fleur,370-687-7246,Eadel,Mercedes-Benz,Plexiglass,Glazier
394,Rudolf,Hammerton,rhammertonax@w3.org,Pokrovskoye,Debs,Russia,RUB,56-123-7174,Sutteridge,967-739-6046,Kare,Lamborghini,Stone,Brickmason
395,Ranna,Jarratt,rjarrattay@webeden.co.uk,Iłowa,Prentice,Poland,PLN,62-553-6432,Surrey,467-372-0013,Skipfire,Buick,Wood,Sheet Metal Worker
396,Lowe,Kendle,lkendleaz@surveymonkey.com,Minsk,Armistice,Belarus,BYR,67-110-8933,Milwaukee,109-243-8281,Camido,Oldsmobile,Granite,Glazier
397,Maurita,Grishkov,mgrishkovb0@forbes.com,Wolfville,Moose,Canada,CAD,85-588-1949,Reinke,823-889-0970,Brainsphere,Chevrolet,Stone,Boilermaker
398,Lydon,Brodest,lbrodestb1@xinhuanet.com,Brckovljani,Kim,Croatia,HRK,15-098-3279,Darwin,754-451-7478,Livetube,Cadillac,Plastic,Carpenter
399,Tome,Cassedy,tcassedyb2@bloomberg.com,Kui Buri,Cody,Thailand,THB,38-683-8748,Hollow Ridge,225-753-1644,Riffpath,Infiniti,Steel,Electrician
400,Gypsy,Ferrotti,gferrottib3@odnoklassniki.ru,Horodnya,Lien,Ukraine,UAH,95-929-4884,Pine View,644-498-0497,Kimia,Chevrolet,Vinyl,Electrician
401,Salomi,Sorley,ssorleyb4@rediff.com,Kotlyarevskaya,Independence,Russia,RUB,79-994-5466,Bluejay,344-847-1448,Wikizz,Nissan,Rubber,Stucco Mason
402,Bondon,Furminger,bfurmingerb5@cdc.gov,Granard,Orin,Ireland,EUR,55-724-8865,Elgar,784-700-3129,Yakitri,Pontiac,Vinyl,Millwright
403,Lavena,Stenners,lstennersb6@surveymonkey.com,Miaoxi,Pond,China,CNY,76-841-2575,Rieder,663-299-6049,Avamba,GMC,Plexiglass,Linemen
404,Leon,Rudman,lrudmanb7@list-manage.com,Kolyubakino,Eastwood,Russia,RUB,84-318-7264,Oak Valley,812-510-0196,Tagcat,Buick,Stone,Welder
405,Frants,Collison,fcollisonb8@wikia.com,København,Arrowood,Denmark,DKK,41-574-6059,Hanover,821-729-6141,Cogidoo,Toyota,Rubber,Stucco Mason
406,Saunders,Petrushkevich,spetrushkevichb9@example.com,Agios Dimitrios,Dryden,Greece,EUR,69-027-8427,Texas,808-462-3064,Tanoodle,Toyota,Glass,Glazier
407,Janette,Caizley,jcaizleyba@unesco.org,Banjar Lalangpasek,Oriole,Indonesia,IDR,59-929-6219,Straubel,701-221-3970,Fadeo,Chevrolet,Vinyl,Brickmason
408,Moira,Whickman,mwhickmanbb@cloudflare.com,Gaspar,Springs,Brazil,BRL,71-707-6667,Armistice,165-123-8104,Twinder,Pontiac,Glass,Tile Setter
409,Napoleon,Seymer,nseymerbc@economist.com,Kokshetau,Charing Cross,Kazakhstan,KZT,39-258-1616,Carpenter,603-621-3363,Feedspan,Acura,Plexiglass,Cement Mason
410,Merle,Simeon,msimeonbd@imageshack.us,Cruzeiro,Jay,Portugal,EUR,21-988-7662,5th,491-230-0148,Chatterbridge,Toyota,Wood,Laborer
411,Devina,Bosward,dboswardbe@deviantart.com,Salmi,Pawling,Russia,RUB,87-855-2089,3rd,543-788-5339,Oyoloo,Lincoln,Vinyl,Laborer
412,Quintana,Ipplett,qipplettbf@ibm.com,San Diego,Valley Edge,United States,USD,28-858-4578,Saint Paul,858-620-6638,Kazio,Lincoln,Plexiglass,Boilermaker
413,Raeann,Croke,rcrokebg@ow.ly,Carepa,Luster,Colombia,COP,92-711-2222,Marcy,341-835-1244,Avavee,GMC,Vinyl,Brickmason
414,Gussy,Agdahl,gagdahlbh@tumblr.com,Eindhoven,Gale,Netherlands,EUR,26-810-3926,Browning,782-120-4202,BlogXS,Toyota,Brass,Cement Mason
415,Hoebart,Goodenough,hgoodenoughbi@taobao.com,La Peña,Meadow Valley,Panama,PAB,20-355-6500,Hooker,212-946-7962,Youspan,Dodge,Steel,Pipelayer
416,Yehudit,Barnard,ybarnardbj@etsy.com,Xiache,Kennedy,China,CNY,08-187-1008,Pennsylvania,179-821-4480,Realbuzz,Volvo,Steel,Concrete Finisher
417,Elfie,Spilstead,espilsteadbk@narod.ru,Changxi,Golden Leaf,China,CNY,49-718-9191,Scoville,747-881-4358,Youspan,Porsche,Rubber,Glazier
418,Shelia,Greenrodd,sgreenroddbl@paginegialle.it,Wŏnsan,Oneill,North Korea,KPW,10-587-2152,Lindbergh,788-224-8055,Reallinks,Ford,Vinyl,Waterproofer
419,Farlie,Spiaggia,fspiaggiabm@huffingtonpost.com,Fengyuan,Cody,China,CNY,34-392-2598,Maryland,685-223-4158,Wikizz,Audi,Granite,Equipment Operator
420,Carlita,Todd,ctoddbn@godaddy.com,Tarbes,Huxley,France,EUR,67-201-9696,Algoma,865-618-3033,Riffpedia,Mercedes-Benz,Glass,Equipment Operator
421,Jilli,Danilewicz,jdanilewiczbo@marketwatch.com,Huancaray,Myrtle,Peru,PEN,92-645-1274,Anzinger,349-553-8276,Kaymbo,Kia,Stone,Glazier
422,Prudy,Wealleans,pwealleansbp@technorati.com,Arinos,Scoville,Brazil,BRL,60-842-3299,Gateway,941-929-1301,Yadel,Lincoln,Vinyl,Cement Mason
423,Robbi,Underwood,runderwoodbq@tiny.cc,Ostashkov,Twin Pines,Russia,RUB,98-938-7924,Packers,649-985-5483,Bubblebox,Ford,Plexiglass,Electrician
424,Taylor,Wride,twridebr@uiuc.edu,Saint-Priest-en-Jarez,Mccormick,France,EUR,82-834-0196,Dakota,664-894-5677,Topicblab,BMW,Plastic,Safety Officer
425,Hilario,Etheredge,hetheredgebs@51.la,Nizhniy Lomov,Toban,Russia,RUB,70-407-0497,Hintze,877-601-1395,Twiyo,Chevrolet,Granite,Sheet Metal Worker
426,Nicolai,Ballister,nballisterbt@bravesites.com,Aquiraz,Spohn,Brazil,BRL,09-098-8279,Novick,624-418-6261,Zoovu,Bentley,Granite,Equipment Operator
427,Tremain,Cyseley,tcyseleybu@deviantart.com,Baixi,Dennis,China,CNY,12-008-1574,Mockingbird,309-114-0639,Viva,Chevrolet,Granite,Glazier
428,Sephira,Sooley,ssooleybv@scribd.com,Bāmyān,Meadow Valley,Afghanistan,AFN,75-580-1747,Lawn,323-157-9769,Wikibox,Ford,Wood,Cement Mason
429,Felice,Jendrach,fjendrachbw@yahoo.com,Taranovskoye,Pepper Wood,Kazakhstan,KZT,85-423-1069,Mandrake,321-725-3796,Flashdog,Mazda,Glass,Tile Setter
430,Darcee,Jeanel,djeanelbx@apple.com,Francisco I Madero,Columbus,Mexico,MXN,22-817-1606,Delladonna,461-891-2724,Buzzster,Mercedes-Benz,Steel,Electrician
431,Oralie,Durrand,odurrandby@networkadvertising.org,Soutocico,Farragut,Portugal,EUR,68-588-6261,Calypso,686-835-1901,Divavu,Saab,Plastic,Boilermaker
432,Kingsly,Wray,kwraybz@php.net,Santiago de Cao,Arapahoe,Peru,PEN,36-589-8107,Debra,831-619-6523,Blogspan,BMW,Steel,Glazier
433,Even,Potteril,epotterilc0@pcworld.com,Pingding,Goodland,China,CNY,42-979-5298,Welch,100-534-7373,Dynabox,Lincoln,Steel,Millwright
434,Eartha,Letford,eletfordc1@youtu.be,Moste,Union,Slovenia,EUR,84-800-6684,Bobwhite,962-902-4303,Topdrive,Toyota,Stone,Boilermaker
435,Petronilla,Linch,plinchc2@shutterfly.com,Sūrīān,Riverside,Iran,IRR,76-172-8960,Marquette,747-736-2660,Wikido,Lexus,Wood,Landscaper
436,Justus,Brea,jbreac3@gnu.org,Rekovac,Graedel,Serbia,RSD,66-889-2870,Warner,194-936-4379,Buzzster,Land Rover,Wood,Laborer
437,Bobette,Brinicombe,bbrinicombec4@friendfeed.com,Jinhua,Northview,China,CNY,35-260-7223,Elgar,435-354-5717,Twitterworks,Acura,Vinyl,Pipelayer
438,Raymond,Mildner,rmildnerc5@t.co,Gonghe,Dryden,China,CNY,18-946-7770,Kings,584-960-5041,Gabtune,Toyota,Vinyl,Plasterers
439,Tessa,Finan,tfinanc6@nytimes.com,Ngurore,Milwaukee,Nigeria,NGN,10-852-6560,Kipling,505-564-4888,Feedfish,Volkswagen,Aluminum,Carpenter
440,Lutero,Divers,ldiversc7@virginia.edu,Maoping,Hayes,China,CNY,78-997-6306,Iowa,198-484-4164,Photobug,Oldsmobile,Wood,Ironworker
441,Kamilah,Vernazza,kvernazzac8@princeton.edu,Makata,Saint Paul,Malawi,MWK,67-115-3022,Linden,658-981-8885,Voonyx,BMW,Brass,Terrazzo
442,Pietrek,Glenister,pglenisterc9@slashdot.org,Tangtu,Manitowish,China,CNY,67-227-5306,Jackson,322-607-7766,Dynabox,Mercedes-Benz,Brass,Safety Officer
443,Griffith,Hammant,ghammantca@telegraph.co.uk,Boavista,Huxley,Portugal,EUR,89-100-1687,American,735-384-6011,Dabjam,Mazda,Steel,Equipment Operator
444,Jan,Ambroisin,jambroisincb@cocolog-nifty.com,Skrzyszów,Havey,Poland,PLN,47-651-6059,Debs,689-205-9557,Twitterbridge,Cadillac,Aluminum,Plasterers
445,Shawnee,Foskew,sfoskewcc@xing.com,Cho-airong,Columbus,Thailand,THB,64-406-3721,Miller,214-529-5404,Kayveo,Hyundai,Granite,Welder
446,Janot,Dowty,jdowtycd@creativecommons.org,Whitehorse,Sullivan,Canada,CAD,91-465-7160,Brown,910-215-9278,Bluejam,Mercury,Glass,Linemen
447,Modestia,Eleshenar,meleshenarce@macromedia.com,Zapolyarnyy,Mallard,Russia,RUB,97-522-5005,Montana,721-795-4527,Avamm,Nissan,Glass,Carpenter
448,Dirk,Jenicek,djenicekcf@howstuffworks.com,Sarkand,Loftsgordon,Kazakhstan,KZT,97-707-4364,Tennessee,546-731-3601,Devcast,GMC,Rubber,HVAC
449,Frank,Pembridge,fpembridgecg@over-blog.com,Cipolletti,Fallview,Argentina,ARS,42-524-5350,Northland,285-489-6320,Yakitri,Lexus,Plexiglass,Plumber
450,Marshall,Pesek,mpesekch@google.ru,Fermoy,Northfield,Ireland,EUR,24-169-2856,8th,149-740-2488,Meejo,Volkswagen,Granite,Plumber
451,Edgar,Paridge,eparidgeci@tinypic.com,Sŏnbong,Mitchell,North Korea,KPW,93-651-6978,Debra,817-212-4100,Vidoo,Dodge,Aluminum,Waterproofer
452,Jean,Sumers,jsumerscj@ycombinator.com,Almere Stad,Nancy,Netherlands,EUR,88-968-0447,Buena Vista,926-944-6698,Blogspan,Lamborghini,Plastic,Landscaper
453,Nola,Regglar,nregglarck@japanpost.jp,Samamiya,Di Loreto,Nigeria,NGN,02-013-0738,Elmside,721-160-9229,Feedspan,Tesla,Vinyl,Pipelayer
454,Frasier,Barukh,fbarukhcl@moonfruit.com,Slavgorod,Springview,Russia,RUB,14-630-1632,Harper,779-821-5204,Zoovu,Ram,Plastic,Ironworker
455,Linc,Oliffe,loliffecm@tripod.com,Huatai,Jenifer,China,CNY,18-445-8684,Waubesa,753-154-8397,Blogtags,Nissan,Brass,Safety Officer
456,Korney,Allibon,kalliboncn@wordpress.org,Gedangan,Messerschmidt,Indonesia,IDR,30-295-3215,Division,404-771-4238,Skyble,Hyundai,Brass,Stucco Mason
457,Merci,Blenkensop,mblenkensopco@samsung.com,Wuṯahpūr,Mosinee,Afghanistan,AFN,96-240-1417,Riverside,743-712-8086,Teklist,Nissan,Brass,Sheet Metal Worker
458,Federica,Moret,fmoretcp@g.co,Ramon Magsaysay,Spenser,Philippines,PHP,89-171-4961,Scoville,965-343-0164,Oba,Mercury,Glass,Carpenter
459,Matt,Frisel,mfriselcq@studiopress.com,Saint-Paul,Oak Valley,Reunion,EUR,24-142-5957,Butternut,613-864-0625,Zoozzy,Volkswagen,Steel,Equipment Operator
460,Free,Gerrens,fgerrenscr@amazon.de,L'Épiphanie,Crest Line,Canada,CAD,49-729-9668,Barby,557-389-0102,Rhycero,Volvo,Glass,Tile Setter
461,Kirby,Grisard,kgrisardcs@homestead.com,Coruripe,Beilfuss,Brazil,BRL,27-283-6488,Summer Ridge,175-610-7752,Brainlounge,Subaru,Stone,Millwright
462,Obadiah,Martynov,omartynovct@eepurl.com,Sungairaya,Waxwing,Indonesia,IDR,06-726-3387,Dorton,431-397-3722,Twimm,Volkswagen,Vinyl,Electrician
463,Chase,Lightman,clightmancu@arstechnica.com,Kalkal Barat,Coolidge,Indonesia,IDR,23-760-7800,Forest Run,788-562-2004,Feedfire,Volkswagen,Steel,Equipment Operator
464,Regan,Liddle,rliddlecv@hud.gov,Penghua,Fuller,China,CNY,64-091-2668,Hallows,528-561-6634,Photobug,Honda,Brass,Welder
465,Rebeca,Dobbing,rdobbingcw@cnn.com,Turinsk,Manley,Russia,RUB,74-647-3273,Linden,699-918-5845,Pixoboo,Lotus,Plexiglass,Safety Officer
466,Geri,McRoberts,gmcrobertscx@harvard.edu,Uppsala,International,Sweden,SEK,59-686-6322,Bellgrove,267-898-7444,Thoughtstorm,Mercedes-Benz,Glass,Tile Setter
467,Shela,Stallebrass,sstallebrasscy@pinterest.com,Dalmeny,4th,Canada,CAD,49-495-6636,Hazelcrest,327-667-1596,Riffwire,Saab,Rubber,Boilermaker
468,Kiri,Danaher,kdanahercz@ucsd.edu,Marinilla,Dawn,Colombia,COP,28-876-4016,Hooker,386-745-4163,Browsebug,Toyota,Stone,Landscaper
469,Ingaberg,Palffy,ipalffyd0@weibo.com,Cigadog,North,Indonesia,IDR,65-626-9612,Crownhardt,794-607-4051,Photofeed,Lotus,Plexiglass,Painter
470,Cammie,Tertre,ctertred1@umn.edu,San Antonio,Springs,Mexico,MXN,14-956-7813,Meadow Vale,329-779-2273,Photofeed,Dodge,Brass,Safety Officer
471,Daron,Prestage,dprestaged2@phoca.cz,Sulak,Nevada,Russia,RUB,66-548-4811,Schmedeman,334-642-9647,Realcube,Saab,Steel,Sheet Metal Worker
472,Malanie,Phelips,mphelipsd3@about.com,Badung,Columbus,Indonesia,IDR,86-148-4609,Mayer,469-170-4471,Vinte,GMC,Aluminum,Ironworker
473,Berenice,Attenbarrow,battenbarrowd4@wordpress.org,Gorobinci,Dexter,Macedonia,MKD,75-065-2493,Algoma,955-255-4957,Oodoo,Audi,Vinyl,Brickmason
474,Elle,Stowe,estowed5@npr.org,Mahaplag,Esker,Philippines,PHP,44-829-6069,Northridge,680-610-3413,Dabvine,Chevrolet,Vinyl,Terrazzo
475,Jocko,Alster,jalsterd6@squidoo.com,Lianokládhion,Meadow Vale,Greece,EUR,54-641-8930,Walton,341-220-3979,Thoughtstorm,Mazda,Aluminum,Plumber
476,Chicky,Calbaithe,ccalbaithed7@biblegateway.com,Nantes,Hazelcrest,France,EUR,92-352-8035,Hoard,441-600-0931,Babbleopia,Chevrolet,Brass,Plumber
477,Trent,Durgan,tdurgand8@oracle.com,Naze,Artisan,Japan,JPY,41-768-0479,Derek,119-430-5601,DabZ,Mercury,Steel,Concrete Finisher
478,Jacinthe,Goldberg,jgoldbergd9@cloudflare.com,Valerianovsk,Vernon,Russia,RUB,63-537-7894,Buena Vista,383-304-0883,Rhyloo,Kia,Vinyl,Glazier
479,Valentin,Corroyer,vcorroyerda@dagondesign.com,Świętochłowice,Arizona,Poland,PLN,29-864-9316,Northview,953-345-9915,Jabberbean,Audi,Steel,Painter
480,Faith,Vennard,fvennarddb@squidoo.com,Betio Village,Homewood,Kiribati,AUD,64-469-5249,Pankratz,493-819-1744,Jetwire,Plymouth,Vinyl,Ironworker
481,Tisha,Orgill,torgilldc@hexun.com,Gif-sur-Yvette,Eagle Crest,France,EUR,68-862-6260,Fair Oaks,332-979-7293,Midel,Chevrolet,Granite,Equipment Operator
482,Oran,Mannakee,omannakeedd@businessinsider.com,Mudon,Nevada,Myanmar,MMK,43-693-9417,Havey,344-460-6177,Muxo,Morgan,Steel,Pipefitter
483,Nobe,Wiley,nwileyde@ebay.com,El Corozo,Jackson,Venezuela,VEF,54-011-5322,Superior,554-302-7154,Tavu,Mazda,Aluminum,Painter
484,Ansell,Twitty,atwittydf@marketwatch.com,Gręboszów,Jenna,Poland,PLN,88-969-5586,Memorial,136-378-7612,Yotz,Nissan,Brass,Equipment Operator
485,Camille,Beake,cbeakedg@reuters.com,Žlutava,Burning Wood,Czech Republic,CZK,56-608-2081,Northridge,381-158-6583,Babbleset,Chrysler,Stone,Safety Officer
486,Agustin,Tooker,atookerdh@digg.com,Montélimar,Coleman,France,EUR,15-936-3388,Bonner,333-237-9982,Thoughtstorm,Mazda,Stone,Laborer
487,Lil,Abrahamsohn,labrahamsohndi@canalblog.com,Springfield,Macpherson,United States,USD,61-474-6980,Arizona,217-328-6635,Snaptags,Ford,Plastic,Welder
488,Martynne,Botger,mbotgerdj@list-manage.com,Nyíregyháza,Grim,Hungary,HUF,67-665-1164,Acker,178-344-9587,Voonte,Lexus,Brass,Pipefitter
489,Brooke,Trevor,btrevordk@csmonitor.com,Darkūsh,Elgar,Syria,SYP,68-163-2314,Hazelcrest,257-676-9523,Omba,Toyota,Steel,Ironworker
490,Abramo,Skones,askonesdl@tripod.com,Jiangqiao,Spohn,China,CNY,27-703-6941,Killdeer,379-605-9942,Dabvine,Bentley,Vinyl,Ironworker
491,Winnie,Febry,wfebrydm@biblegateway.com,San Isidro,Ruskin,Philippines,PHP,73-729-8839,Ruskin,792-691-0615,Camimbo,Rolls-Royce,Plexiglass,Pipelayer
492,Felix,Pressland,fpresslanddn@storify.com,Bilian,Tomscot,China,CNY,40-269-1574,American,113-554-3804,Avamm,Dodge,Granite,Painter
493,Tammie,Leftley,tleftleydo@freewebs.com,Guojiaba,Caliangt,China,CNY,31-994-3383,Schlimgen,605-936-2183,Katz,Lexus,Steel,Glazier
494,Harlen,Crole,hcroledp@businessinsider.com,Ikongo,Carberry,Egypt,EGP,91-380-4367,Tony,831-416-6593,Eadel,Pontiac,Aluminum,Concrete Finisher
495,Susann,Mulran,smulrandq@smh.com.au,Huangyuan Chengguanzhen,Sutteridge,Greece,EUR,18-002-6978,Canary,143-913-3927,Skyndu,BMW,Stone,Carpenter
496,Kara-lynn,Pelosi,kpelosidr@constantcontact.com,El Paraíso,Rieder,Indonesia,IDR,85-317-6253,Coleman,762-645-5022,Dynazzy,Toyota,Brass,Glazier
497,Mariel,Blaschek,mblaschekds@elegantthemes.com,Dayuanhuizu,Transport,Hungary,HUF,72-336-6088,Portage,174-894-6959,Viva,Chevrolet,Stone,Tile Setter
498,Curtis,Dunhill,cdunhilldt@tiny.cc,Xinghe Chengguanzhen,Bluestem,Brazil,BRL,10-020-0706,Marquette,409-534-5242,Devpoint,Audi,Plexiglass,Stucco Mason
499,Farr,Caught,fcaughtdu@linkedin.com,Kristinehamn,Claremont,Indonesia,IDR,83-423-3301,Spenser,504-944-4418,Jabbersphere,Lotus,Rubber,Laborer
500,Lebbie,Simounet,lsimounetdv@oaic.gov.au,Huxiaoqiao,Sommers,Indonesia,IDR,92-227-2654,Mallard,167-639-5236,Photobug,Infiniti,Brass,Ironworker
501,Dorine,Royl,droyldw@aol.com,Písečná,Bayside,Mexico,MXN,84-718-3284,Park Meadow,863-553-9566,Photobean,Isuzu,Plexiglass,Plasterers
502,Dalia,Leadley,dleadleydx@clickbank.net,Xiaozhoushan,Packers,Peru,PEN,44-159-6429,Raven,543-833-5293,Yabox,Volkswagen,Glass,Cement Mason
503,Dayna,Ludovico,dludovicody@xing.com,Wołczyn,Sundown,Nigeria,NGN,79-758-4026,Eastwood,340-827-9583,Voomm,Audi,Aluminum,Painter
504,Eugenio,MacVay,emacvaydz@china.com.cn,Tsaghkunk’,Stuart,China,CNY,31-960-5578,Kingsford,287-493-0273,Feedfire,Mitsubishi,Vinyl,Waterproofer
505,Bennie,Heber,bhebere0@google.com.au,Abbotsford,Nevada,Russia,RUB,82-507-6432,Magdeline,207-703-7278,Centizu,Pontiac,Plexiglass,Stucco Mason
506,Emlynne,Abrahams,eabrahamse1@weibo.com,Pong,Mallory,Brazil,BRL,12-165-0053,Milwaukee,898-483-6007,Babblestorm,Hyundai,Vinyl,Welder
507,Vannie,Lowings,vlowingse2@epa.gov,Kajanan,Di Loreto,Argentina,ARS,67-395-7072,John Wall,845-141-5882,Brainsphere,Mercedes-Benz,Stone,Laborer
508,Tully,Duplan,tduplane3@zdnet.com,Guiuan,Rieder,China,CNY,68-541-0898,Lakewood Gardens,969-926-5213,Flipbug,Suzuki,Steel,Laborer
509,Gerome,Guppey,gguppeye4@ustream.tv,Jalapa,Sage,China,CNY,82-519-7630,Eliot,902-133-7515,Photofeed,Volvo,Steel,Sheet Metal Worker
510,Guinna,Simukov,gsimukove5@wordpress.org,Del Rosario,Mesta,Ireland,EUR,98-252-3748,Darwin,545-560-9669,Lazzy,Chevrolet,Steel,Painter
511,Eunice,Turnock,eturnocke6@t.co,Alingsås,Weeping Birch,China,CNY,91-745-7573,Muir,757-542-8734,Agimba,Jaguar,Rubber,Refridgeration
512,Dareen,Brunelleschi,dbrunelleschie7@blogs.com,Zhangjiafan,Fairview,China,CNY,93-164-8508,Marcy,463-203-8515,Fanoodle,Subaru,Rubber,Plumber
513,Julita,Manssuer,jmanssuere8@fotki.com,Rýmařov,Schmedeman,Argentina,ARS,72-492-3015,Forest Run,156-156-8639,Wordify,Nissan,Plastic,Welder
514,Marquita,Yuill,myuille9@a8.net,Chongxian,Calypso,United States,USD,90-358-8742,Algoma,912-541-2315,Shufflester,Ford,Brass,Refridgeration
515,Garret,Oglethorpe,goglethorpeea@oracle.com,Colonias Unidas,Sloan,Ukraine,UAH,92-896-8991,Carey,819-537-1025,Cogilith,GMC,Stone,Cement Mason
516,Bevin,Chipping,bchippingeb@theglobeandmail.com,Houston,Fremont,United States,USD,40-351-8550,Manufacturers,713-434-8188,Thoughtmix,Mazda,Plexiglass,Carpenter
517,Elfreda,Stride,estrideec@diigo.com,Dassa-Zoumé,Susan,Benin,XOF,69-434-5259,Westend,929-457-2932,Photojam,Mercedes-Benz,Plexiglass,Landscaper
518,Kerrin,Leindecker,kleindeckered@sun.com,Knoxville,Havey,United States,USD,67-423-7634,Saint Paul,865-360-6753,Avaveo,Toyota,Plastic,Millwright
519,Bunnie,Summerscales,bsummerscalesee@drupal.org,Jamaica,Buhler,United States,USD,91-840-9105,Tomscot,212-917-7836,Dabshots,Toyota,Vinyl,Pipelayer
520,Cosetta,Keneford,ckenefordef@wufoo.com,Bududa,Larry,Uganda,UGX,02-205-5701,Eagle Crest,728-465-0152,Thoughtbeat,Toyota,Wood,Tile Setter
521,Martin,Scanderet,mscandereteg@ed.gov,Cungking,Declaration,Indonesia,IDR,79-180-3708,Carioca,420-522-1100,Skimia,Porsche,Glass,Brickmason
522,Sutherlan,McCook,smccookeh@desdev.cn,Kirkop,Rutledge,Malta,EUR,37-966-5641,Buell,122-716-9538,Eamia,Cadillac,Vinyl,Refridgeration
523,Standford,Klimmek,sklimmekei@dagondesign.com,Narva-Jõesuu,Springview,Estonia,EUR,83-396-3791,Dakota,746-795-5606,Skaboo,Pontiac,Brass,Electrician
524,Lewes,Seabourne,lseabourneej@tuttocitta.it,Neiba,Walton,Dominican Republic,DOP,15-871-9998,Reinke,495-549-3225,Photojam,Pontiac,Steel,Electrician
525,Maggy,Kynder,mkynderek@nature.com,Skinnskatteberg,Tennyson,Sweden,SEK,94-854-1965,Green,355-250-6046,Dynabox,Mercedes-Benz,Stone,Tile Setter
526,Ulrike,Dymick,udymickel@telegraph.co.uk,Ulety,Washington,Russia,RUB,96-383-6250,Becker,577-509-9341,Zoonder,Mercury,Plastic,Stucco Mason
527,Meggie,Januszewski,mjanuszewskiem@go.com,Phra Nakhon Si Ayutthaya,Becker,Thailand,THB,68-315-7575,Schurz,341-877-1246,Photofeed,BMW,Glass,Cement Mason
528,Wallie,Izzett,wizzetten@independent.co.uk,San Francisco,Canary,Venezuela,VEF,09-738-9972,Russell,509-603-0740,Feedmix,Ford,Rubber,Cement Mason
529,Nada,Tees,nteeseo@netvibes.com,Matagalpa,Mosinee,Nicaragua,NIO,31-418-9742,Bellgrove,667-409-7853,Roombo,Jeep,Brass,Linemen
530,Bettine,Hulse,bhulseep@freewebs.com,Bria,Butternut,Central African Republic,XAF,74-764-4683,Grasskamp,731-859-4383,Thoughtsphere,GMC,Wood,Pipefitter
531,Janis,Shutler,jshutlereq@ucsd.edu,Torbeyevo,Blackbird,Russia,RUB,98-872-3471,Corben,394-560-9540,Youtags,Mercedes-Benz,Steel,Laborer
532,Valentino,Micallef,vmicallefer@jiathis.com,Tapada das Mercês,Maryland,Portugal,EUR,34-356-6618,Fremont,860-356-7486,Voomm,Toyota,Rubber,Laborer
533,Kyla,Mattessen,kmattessenes@storify.com,Suphan Buri,Sachtjen,Thailand,THB,81-169-1092,Arapahoe,219-409-3898,Photobug,Ford,Brass,Glazier
534,Arabelle,Iiannone,aiiannoneet@nba.com,Rurrenabaque,Forster,Bolivia,BOB,64-931-4232,Sachtjen,891-728-0987,Riffpedia,Subaru,Wood,Carpenter
535,Gibby,MacWhirter,gmacwhirtereu@issuu.com,Santa Rita,Moulton,Paraguay,PYG,80-136-5659,Michigan,944-849-3120,Dabjam,GMC,Vinyl,Equipment Operator
536,Berk,Smewin,bsmewinev@indiegogo.com,Cachada,Menomonie,Portugal,EUR,02-179-6659,Ronald Regan,859-603-8639,Myworks,Mercury,Stone,Electrician
537,Trace,Houldey,thouldeyew@guardian.co.uk,Remedios,Shopko,Colombia,COP,61-865-8336,Logan,723-235-4520,Realmix,Volkswagen,Wood,Pipefitter
538,Sephira,Ricard,sricardex@ameblo.jp,Jiuzhai,Knutson,China,CNY,39-588-3409,Hazelcrest,873-774-9493,Dynabox,Mazda,Brass,Stucco Mason
539,Fidole,Grimbleby,fgrimblebyey@360.cn,Rancanyenang,Wayridge,Indonesia,IDR,36-746-7272,Maple Wood,634-766-2060,Skivee,Pontiac,Stone,Electrician
540,Luis,Barriball,lbarriballez@wunderground.com,Tambak,Hudson,Philippines,PHP,66-691-1565,Pepper Wood,149-310-3459,Topicstorm,Toyota,Steel,Equipment Operator
541,Livvyy,Rivard,lrivardf0@state.tx.us,Feyẕābād,Fulton,Iran,IRR,19-873-9495,Rieder,864-143-7033,Quinu,Toyota,Granite,Linemen
542,Emile,Buffery,ebufferyf1@imageshack.us,Palenggihan,Manufacturers,Indonesia,IDR,90-209-2013,8th,252-645-5573,Skalith,Suzuki,Rubber,Electrician
543,Isaiah,Cleaves,icleavesf2@deviantart.com,Hovorany,Coleman,Czech Republic,CZK,76-698-1185,Schmedeman,640-948-9258,Vinder,Mitsubishi,Plexiglass,Carpenter
544,Shelden,Waudby,swaudbyf3@studiopress.com,Huaqiao,Tomscot,China,CNY,69-051-0876,Nancy,776-255-7654,Zooxo,Bentley,Aluminum,Terrazzo
545,Bellanca,Braisher,bbraisherf4@google.com.br,Khorramābād,Annamark,Iran,IRR,69-869-2406,Sunnyside,865-902-9936,Wordpedia,GMC,Plastic,Linemen
